Advertiser,Advertiser Currency,Insertion Order,Line Item,Device Type,Floodlight Activity Name,Browser,Operating System,App/URL,Impressions,Clicks,Total Conversions,Total Media Cost (Advertiser Currency)
{MS} {BU: VN} Ford Linked,USD,XVN19-0192_Everest_Q4_Shopper_Desktop_01136396,Competitor_Conquest_Intender_Desktop_01136396,Desktop,Unknown,Chrome,Macintosh,17track.net,2,0,0,0.001497
{MS} {BU: VN} Ford Linked,USD,XVN19-0192_Everest_Q4_Shopper_Desktop_01136396,Competitor_Conquest_Intender_Desktop_01136396,Desktop,Unknown,Chrome,Macintosh,24h.com.vn,9,0,0,0.009043
{MS} {BU: VN} Ford Linked,USD,XVN19-0192_Everest_Q4_Shopper_Desktop_01136396,Competitor_Conquest_Intender_Desktop_01136396,Desktop,Unknown,Chrome,Macintosh,9gag.com,1,0,0,0.000675
{MS} {BU: VN} Ford Linked,USD,XVN19-0192_Everest_Q4_Shopper_Desktop_01136396,Competitor_Conquest_Intender_Desktop_01136396,Desktop,Unknown,Chrome,Macintosh,Low volume inventory,7,0,0,0.00383
{MS} {BU: VN} Ford Linked,USD,XVN19-0192_Everest_Q4_Shopper_Desktop_01136396,Competitor_Conquest_Intender_Desktop_01136396,Desktop,Unknown,Chrome,Macintosh,academia.edu,2,0,0,0.001382
{MS} {BU: VN} Ford Linked,USD,XVN19-0192_Everest_Q4_Shopper_Desktop_01136396,Competitor_Conquest_Intender_Desktop_01136396,Desktop,Unknown,Chrome,Macintosh,addictivetips.com,3,0,0,0.002562
{MS} {BU: VN} Ford Linked,USD,XVN19-0192_Everest_Q4_Shopper_Desktop_01136396,Competitor_Conquest_Intender_Desktop_01136396,Desktop,Unknown,Chrome,Macintosh,adsoftheworld.com,1,0,0,0.001006
{MS} {BU: VN} Ford Linked,USD,XVN19-0192_Everest_Q4_Shopper_Desktop_01136396,Competitor_Conquest_Intender_Desktop_01136396,Desktop,Unknown,Chrome,Macintosh,adweek.com,4,0,0,0.004655
{MS} {BU: VN} Ford Linked,USD,XVN19-0192_Everest_Q4_Shopper_Desktop_01136396,Competitor_Conquest_Intender_Desktop_01136396,Desktop,Unknown,Chrome,Macintosh,allkpop.com,2,0,0,0.001598
{MS} {BU: VN} Ford Linked,USD,XVN19-0192_Everest_Q4_Shopper_Desktop_01136396,Competitor_Conquest_Intender_Desktop_01136396,Desktop,Unknown,Chrome,Macintosh,appletoolbox.com,3,0,0,0.00525
{MS} {BU: VN} Ford Linked,USD,XVN19-0192_Everest_Q4_Shopper_Desktop_01136396,Competitor_Conquest_Intender_Desktop_01136396,Desktop,Unknown,Chrome,Macintosh,arstechnica.com,1,0,0,0.000673
{MS} {BU: VN} Ford Linked,USD,XVN19-0192_Everest_Q4_Shopper_Desktop_01136396,Competitor_Conquest_Intender_Desktop_01136396,Desktop,Unknown,Chrome,Macintosh,astro.com,2,0,0,0.001397
{MS} {BU: VN} Ford Linked,USD,XVN19-0192_Everest_Q4_Shopper_Desktop_01136396,Competitor_Conquest_Intender_Desktop_01136396,Desktop,Unknown,Chrome,Macintosh,autobikes.vn,1,0,0,0.000866
{MS} {BU: VN} Ford Linked,USD,XVN19-0192_Everest_Q4_Shopper_Desktop_01136396,Competitor_Conquest_Intender_Desktop_01136396,Desktop,Unknown,Chrome,Macintosh,babycenter.com,1,0,0,0.000959
{MS} {BU: VN} Ford Linked,USD,XVN19-0192_Everest_Q4_Shopper_Desktop_01136396,Competitor_Conquest_Intender_Desktop_01136396,Desktop,Unknown,Chrome,Macintosh,baeldung.com,19,0,0,0.0255
{MS} {BU: VN} Ford Linked,USD,XVN19-0192_Everest_Q4_Shopper_Desktop_01136396,Competitor_Conquest_Intender_Desktop_01136396,Desktop,Unknown,Chrome,Macintosh,baodatviet.vn,7,0,0,0.0049
{MS} {BU: VN} Ford Linked,USD,XVN19-0192_Everest_Q4_Shopper_Desktop_01136396,Competitor_Conquest_Intender_Desktop_01136396,Desktop,Unknown,Chrome,Macintosh,baomoi.com,2,0,0,0.001409
{MS} {BU: VN} Ford Linked,USD,XVN19-0192_Everest_Q4_Shopper_Desktop_01136396,Competitor_Conquest_Intender_Desktop_01136396,Desktop,Unknown,Chrome,Macintosh,bbc.com,2,0,0,0.002884
{MS} {BU: VN} Ford Linked,USD,XVN19-0192_Everest_Q4_Shopper_Desktop_01136396,Competitor_Conquest_Intender_Desktop_01136396,Desktop,Unknown,Chrome,Macintosh,bbcgoodfood.com,1,0,0,0.00093
{MS} {BU: VN} Ford Linked,USD,XVN19-0192_Everest_Q4_Shopper_Desktop_01136396,Competitor_Conquest_Intender_Desktop_01136396,Desktop,Unknown,Chrome,Macintosh,beginnersbook.com,4,0,0,0.002971
{MS} {BU: VN} Ford Linked,USD,XVN19-0192_Everest_Q4_Shopper_Desktop_01136396,Competitor_Conquest_Intender_Desktop_01136396,Desktop,Unknown,Chrome,Macintosh,bgr.com,5,0,0,0.00542
{MS} {BU: VN} Ford Linked,USD,XVN19-0192_Everest_Q4_Shopper_Desktop_01136396,Competitor_Conquest_Intender_Desktop_01136396,Desktop,Unknown,Chrome,Macintosh,bikeradar.com,1,0,0,0.001001
{MS} {BU: VN} Ford Linked,USD,XVN19-0192_Everest_Q4_Shopper_Desktop_01136396,Competitor_Conquest_Intender_Desktop_01136396,Desktop,Unknown,Chrome,Macintosh,biography.com,2,0,0,0.001657
{MS} {BU: VN} Ford Linked,USD,XVN19-0192_Everest_Q4_Shopper_Desktop_01136396,Competitor_Conquest_Intender_Desktop_01136396,Desktop,Unknown,Chrome,Macintosh,bizsugar.com,1,0,0,0.001345
{MS} {BU: VN} Ford Linked,USD,XVN19-0192_Everest_Q4_Shopper_Desktop_01136396,Competitor_Conquest_Intender_Desktop_01136396,Desktop,Unknown,Chrome,Macintosh,bjpenn.com,1,0,0,0.000735
{MS} {BU: VN} Ford Linked,USD,XVN19-0192_Everest_Q4_Shopper_Desktop_01136396,Competitor_Conquest_Intender_Desktop_01136396,Desktop,Unknown,Chrome,Macintosh,bongda.com.vn,14,0,0,0.011525
{MS} {BU: VN} Ford Linked,USD,XVN19-0192_Everest_Q4_Shopper_Desktop_01136396,Competitor_Conquest_Intender_Desktop_01136396,Desktop,Unknown,Chrome,Macintosh,boredart.com,1,0,0,0.00076
{MS} {BU: VN} Ford Linked,USD,XVN19-0192_Everest_Q4_Shopper_Desktop_01136396,Competitor_Conquest_Intender_Desktop_01136396,Desktop,Unknown,Chrome,Macintosh,brandsoftheworld.com,2,0,0,0.001566
{MS} {BU: VN} Ford Linked,USD,XVN19-0192_Everest_Q4_Shopper_Desktop_01136396,Competitor_Conquest_Intender_Desktop_01136396,Desktop,Unknown,Chrome,Macintosh,brightside.me,1,0,0,0.000811
{MS} {BU: VN} Ford Linked,USD,XVN19-0192_Everest_Q4_Shopper_Desktop_01136396,Competitor_Conquest_Intender_Desktop_01136396,Desktop,Unknown,Chrome,Macintosh,britannica.com,7,0,0,0.004302
{MS} {BU: VN} Ford Linked,USD,XVN19-0192_Everest_Q4_Shopper_Desktop_01136396,Competitor_Conquest_Intender_Desktop_01136396,Desktop,Unknown,Chrome,Macintosh,businessinsider.com,11,0,0,0.011589
{MS} {BU: VN} Ford Linked,USD,XVN19-0192_Everest_Q4_Shopper_Desktop_01136396,Competitor_Conquest_Intender_Desktop_01136396,Desktop,Unknown,Chrome,Macintosh,businessinsider.my,1,0,0,0.001074
{MS} {BU: VN} Ford Linked,USD,XVN19-0192_Everest_Q4_Shopper_Desktop_01136396,Competitor_Conquest_Intender_Desktop_01136396,Desktop,Unknown,Chrome,Macintosh,bustle.com,1,0,0,0.000934
{MS} {BU: VN} Ford Linked,USD,XVN19-0192_Everest_Q4_Shopper_Desktop_01136396,Competitor_Conquest_Intender_Desktop_01136396,Desktop,Unknown,Chrome,Macintosh,buzzfeed.com,6,0,0,0.004476
{MS} {BU: VN} Ford Linked,USD,XVN19-0192_Everest_Q4_Shopper_Desktop_01136396,Competitor_Conquest_Intender_Desktop_01136396,Desktop,Unknown,Chrome,Macintosh,car9.net,3,0,0,0.002643
{MS} {BU: VN} Ford Linked,USD,XVN19-0192_Everest_Q4_Shopper_Desktop_01136396,Competitor_Conquest_Intender_Desktop_01136396,Desktop,Unknown,Chrome,Macintosh,cars.com,1,0,0,0.000891
{MS} {BU: VN} Ford Linked,USD,XVN19-0192_Everest_Q4_Shopper_Desktop_01136396,Competitor_Conquest_Intender_Desktop_01136396,Desktop,Unknown,Chrome,Macintosh,carscoops.com,1,0,0,0.000955
{MS} {BU: VN} Ford Linked,USD,XVN19-0192_Everest_Q4_Shopper_Desktop_01136396,Competitor_Conquest_Intender_Desktop_01136396,Desktop,Unknown,Chrome,Macintosh,cartreatments.com,1,0,0,0.001145
{MS} {BU: VN} Ford Linked,USD,XVN19-0192_Everest_Q4_Shopper_Desktop_01136396,Competitor_Conquest_Intender_Desktop_01136396,Desktop,Unknown,Chrome,Macintosh,cashmoneylife.com,1,0,0,0.000896
{MS} {BU: VN} Ford Linked,USD,XVN19-0192_Everest_Q4_Shopper_Desktop_01136396,Competitor_Conquest_Intender_Desktop_01136396,Desktop,Unknown,Chrome,Macintosh,chotot.com,142,0,0,0.115755
{MS} {BU: VN} Ford Linked,USD,XVN19-0192_Everest_Q4_Shopper_Desktop_01136396,Competitor_Conquest_Intender_Desktop_01136396,Desktop,Unknown,Chrome,Macintosh,cleverism.com,6,0,0,0.006312
{MS} {BU: VN} Ford Linked,USD,XVN19-0192_Everest_Q4_Shopper_Desktop_01136396,Competitor_Conquest_Intender_Desktop_01136396,Desktop,Unknown,Chrome,Macintosh,click49.net,3,0,0,0.002223
{MS} {BU: VN} Ford Linked,USD,XVN19-0192_Everest_Q4_Shopper_Desktop_01136396,Competitor_Conquest_Intender_Desktop_01136396,Desktop,Unknown,Chrome,Macintosh,clien.net,1,0,0,0.000396
{MS} {BU: VN} Ford Linked,USD,XVN19-0192_Everest_Q4_Shopper_Desktop_01136396,Competitor_Conquest_Intender_Desktop_01136396,Desktop,Unknown,Chrome,Macintosh,cnet.com,6,0,0,0.005383
{MS} {BU: VN} Ford Linked,USD,XVN19-0192_Everest_Q4_Shopper_Desktop_01136396,Competitor_Conquest_Intender_Desktop_01136396,Desktop,Unknown,Chrome,Macintosh,coindesk.com,2,0,0,0.001672
{MS} {BU: VN} Ford Linked,USD,XVN19-0192_Everest_Q4_Shopper_Desktop_01136396,Competitor_Conquest_Intender_Desktop_01136396,Desktop,Unknown,Chrome,Macintosh,colorlib.com,1,0,0,0.00148
{MS} {BU: VN} Ford Linked,USD,XVN19-0192_Everest_Q4_Shopper_Desktop_01136396,Competitor_Conquest_Intender_Desktop_01136396,Desktop,Unknown,Chrome,Macintosh,computer.howstuffworks.com,1,0,0,0.000635
{MS} {BU: VN} Ford Linked,USD,XVN19-0192_Everest_Q4_Shopper_Desktop_01136396,Competitor_Conquest_Intender_Desktop_01136396,Desktop,Unknown,Chrome,Macintosh,computerworld.com,1,0,0,0.001128
{MS} {BU: VN} Ford Linked,USD,XVN19-0192_Everest_Q4_Shopper_Desktop_01136396,Competitor_Conquest_Intender_Desktop_01136396,Desktop,Unknown,Chrome,Macintosh,cosmo.ph,2,0,0,0.00264
{MS} {BU: VN} Ford Linked,USD,XVN19-0192_Everest_Q4_Shopper_Desktop_01136396,Competitor_Conquest_Intender_Desktop_01136396,Desktop,Unknown,Chrome,Macintosh,couchsurfing.com,1,0,0,0.000923
{MS} {BU: VN} Ford Linked,USD,XVN19-0192_Everest_Q4_Shopper_Desktop_01136396,Competitor_Conquest_Intender_Desktop_01136396,Desktop,Unknown,Chrome,Macintosh,cssgradient.io,4,0,0,0.002376
{MS} {BU: VN} Ford Linked,USD,XVN19-0192_Everest_Q4_Shopper_Desktop_01136396,Competitor_Conquest_Intender_Desktop_01136396,Desktop,Unknown,Chrome,Macintosh,cuongphim.com,2,0,0,0.00125
{MS} {BU: VN} Ford Linked,USD,XVN19-0192_Everest_Q4_Shopper_Desktop_01136396,Competitor_Conquest_Intender_Desktop_01136396,Desktop,Unknown,Chrome,Macintosh,cydiaimpactor.online,5,0,0,0.00697
{MS} {BU: VN} Ford Linked,USD,XVN19-0192_Everest_Q4_Shopper_Desktop_01136396,Competitor_Conquest_Intender_Desktop_01136396,Desktop,Unknown,Chrome,Macintosh,dafont.com,5,0,0,0.002394
{MS} {BU: VN} Ford Linked,USD,XVN19-0192_Everest_Q4_Shopper_Desktop_01136396,Competitor_Conquest_Intender_Desktop_01136396,Desktop,Unknown,Chrome,Macintosh,dafont.com/theme.php,5,0,0,0.003361
{MS} {BU: VN} Ford Linked,USD,XVN19-0192_Everest_Q4_Shopper_Desktop_01136396,Competitor_Conquest_Intender_Desktop_01136396,Desktop,Unknown,Chrome,Macintosh,daft.ie,2,0,0,0.001987
{MS} {BU: VN} Ford Linked,USD,XVN19-0192_Everest_Q4_Shopper_Desktop_01136396,Competitor_Conquest_Intender_Desktop_01136396,Desktop,Unknown,Chrome,Macintosh,dailymail.co.uk/sport,1,0,0,0.001114
{MS} {BU: VN} Ford Linked,USD,XVN19-0192_Everest_Q4_Shopper_Desktop_01136396,Competitor_Conquest_Intender_Desktop_01136396,Desktop,Unknown,Chrome,Macintosh,destructoid.com,1,0,0,0.000696
{MS} {BU: VN} Ford Linked,USD,XVN19-0192_Everest_Q4_Shopper_Desktop_01136396,Competitor_Conquest_Intender_Desktop_01136396,Desktop,Unknown,Chrome,Macintosh,dictionary.cambridge.org,10,0,0,0.008227
{MS} {BU: VN} Ford Linked,USD,XVN19-0192_Everest_Q4_Shopper_Desktop_01136396,Competitor_Conquest_Intender_Desktop_01136396,Desktop,Unknown,Chrome,Macintosh,digital-photography-school.com,5,0,0,0.004321
{MS} {BU: VN} Ford Linked,USD,XVN19-0192_Everest_Q4_Shopper_Desktop_01136396,Competitor_Conquest_Intender_Desktop_01136396,Desktop,Unknown,Chrome,Macintosh,digitalsynopsis.com,2,0,0,0.002314
{MS} {BU: VN} Ford Linked,USD,XVN19-0192_Everest_Q4_Shopper_Desktop_01136396,Competitor_Conquest_Intender_Desktop_01136396,Desktop,Unknown,Chrome,Macintosh,digitaltrends.com,1,0,0,0.001
{MS} {BU: VN} Ford Linked,USD,XVN19-0192_Everest_Q4_Shopper_Desktop_01136396,Competitor_Conquest_Intender_Desktop_01136396,Desktop,Unknown,Chrome,Macintosh,discogs.com,1,0,0,0.000953
{MS} {BU: VN} Ford Linked,USD,XVN19-0192_Everest_Q4_Shopper_Desktop_01136396,Competitor_Conquest_Intender_Desktop_01136396,Desktop,Unknown,Chrome,Macintosh,doanhnghiepvn.vn,14,0,0,0.009708
{MS} {BU: VN} Ford Linked,USD,XVN19-0192_Everest_Q4_Shopper_Desktop_01136396,Competitor_Conquest_Intender_Desktop_01136396,Desktop,Unknown,Chrome,Macintosh,docvangam.com,7,0,0,0.004108
{MS} {BU: VN} Ford Linked,USD,XVN19-0192_Everest_Q4_Shopper_Desktop_01136396,Competitor_Conquest_Intender_Desktop_01136396,Desktop,Unknown,Chrome,Macintosh,download.cnet.com,3,0,0,0.002942
{MS} {BU: VN} Ford Linked,USD,XVN19-0192_Everest_Q4_Shopper_Desktop_01136396,Competitor_Conquest_Intender_Desktop_01136396,Desktop,Unknown,Chrome,Macintosh,downloadinstagramvideos.net,2,0,0,0.0008
{MS} {BU: VN} Ford Linked,USD,XVN19-0192_Everest_Q4_Shopper_Desktop_01136396,Competitor_Conquest_Intender_Desktop_01136396,Desktop,Unknown,Chrome,Macintosh,dummies.com,11,0,0,0.011188
{MS} {BU: VN} Ford Linked,USD,XVN19-0192_Everest_Q4_Shopper_Desktop_01136396,Competitor_Conquest_Intender_Desktop_01136396,Desktop,Unknown,Chrome,Macintosh,dutchreview.com,1,0,0,0.001192
{MS} {BU: VN} Ford Linked,USD,XVN19-0192_Everest_Q4_Shopper_Desktop_01136396,Competitor_Conquest_Intender_Desktop_01136396,Desktop,Unknown,Chrome,Macintosh,dzone.com,2,0,0,0.002416
{MS} {BU: VN} Ford Linked,USD,XVN19-0192_Everest_Q4_Shopper_Desktop_01136396,Competitor_Conquest_Intender_Desktop_01136396,Desktop,Unknown,Chrome,Macintosh,ebay.com,27,0,0,0.027924
{MS} {BU: VN} Ford Linked,USD,XVN19-0192_Everest_Q4_Shopper_Desktop_01136396,Competitor_Conquest_Intender_Desktop_01136396,Desktop,Unknown,Chrome,Macintosh,economictimes.indiatimes.com,8,0,0,0.009459
{MS} {BU: VN} Ford Linked,USD,XVN19-0192_Everest_Q4_Shopper_Desktop_01136396,Competitor_Conquest_Intender_Desktop_01136396,Desktop,Unknown,Chrome,Macintosh,edition.cnn.com,1,0,0,0.001143
{MS} {BU: VN} Ford Linked,USD,XVN19-0192_Everest_Q4_Shopper_Desktop_01136396,Competitor_Conquest_Intender_Desktop_01136396,Desktop,Unknown,Chrome,Macintosh,elle.com,2,0,0,0.002202
{MS} {BU: VN} Ford Linked,USD,XVN19-0192_Everest_Q4_Shopper_Desktop_01136396,Competitor_Conquest_Intender_Desktop_01136396,Desktop,Unknown,Chrome,Macintosh,elledecor.com,3,0,0,0.003525
{MS} {BU: VN} Ford Linked,USD,XVN19-0192_Everest_Q4_Shopper_Desktop_01136396,Competitor_Conquest_Intender_Desktop_01136396,Desktop,Unknown,Chrome,Macintosh,emojipedia.org,4,0,0,0.003894
{MS} {BU: VN} Ford Linked,USD,XVN19-0192_Everest_Q4_Shopper_Desktop_01136396,Competitor_Conquest_Intender_Desktop_01136396,Desktop,Unknown,Chrome,Macintosh,en.softonic.com,1,0,0,0.001235
{MS} {BU: VN} Ford Linked,USD,XVN19-0192_Everest_Q4_Shopper_Desktop_01136396,Competitor_Conquest_Intender_Desktop_01136396,Desktop,Unknown,Chrome,Macintosh,encyclopedia2.thefreedictionary.com,1,0,0,0.000704
{MS} {BU: VN} Ford Linked,USD,XVN19-0192_Everest_Q4_Shopper_Desktop_01136396,Competitor_Conquest_Intender_Desktop_01136396,Desktop,Unknown,Chrome,Macintosh,englishforums.com,5,0,0,0.004534
{MS} {BU: VN} Ford Linked,USD,XVN19-0192_Everest_Q4_Shopper_Desktop_01136396,Competitor_Conquest_Intender_Desktop_01136396,Desktop,Unknown,Chrome,Macintosh,espn.com,2,0,0,0.00192
{MS} {BU: VN} Ford Linked,USD,XVN19-0192_Everest_Q4_Shopper_Desktop_01136396,Competitor_Conquest_Intender_Desktop_01136396,Desktop,Unknown,Chrome,Macintosh,esquire.com,3,0,0,0.003328
{MS} {BU: VN} Ford Linked,USD,XVN19-0192_Everest_Q4_Shopper_Desktop_01136396,Competitor_Conquest_Intender_Desktop_01136396,Desktop,Unknown,Chrome,Macintosh,eva.vn,17,0,0,0.011656
{MS} {BU: VN} Ford Linked,USD,XVN19-0192_Everest_Q4_Shopper_Desktop_01136396,Competitor_Conquest_Intender_Desktop_01136396,Desktop,Unknown,Chrome,Macintosh,exceljet.net,1,0,0,0.000897
{MS} {BU: VN} Ford Linked,USD,XVN19-0192_Everest_Q4_Shopper_Desktop_01136396,Competitor_Conquest_Intender_Desktop_01136396,Desktop,Unknown,Chrome,Macintosh,expat.com,4,0,0,0.005054
{MS} {BU: VN} Ford Linked,USD,XVN19-0192_Everest_Q4_Shopper_Desktop_01136396,Competitor_Conquest_Intender_Desktop_01136396,Desktop,Unknown,Chrome,Macintosh,expatforum.com,4,0,0,0.003606
{MS} {BU: VN} Ford Linked,USD,XVN19-0192_Everest_Q4_Shopper_Desktop_01136396,Competitor_Conquest_Intender_Desktop_01136396,Desktop,Unknown,Chrome,Macintosh,familyeducation.com,5,0,0,0.004265
{MS} {BU: VN} Ford Linked,USD,XVN19-0192_Everest_Q4_Shopper_Desktop_01136396,Competitor_Conquest_Intender_Desktop_01136396,Desktop,Unknown,Chrome,Macintosh,fandom.com,18,0,0,0.012008
{MS} {BU: VN} Ford Linked,USD,XVN19-0192_Everest_Q4_Shopper_Desktop_01136396,Competitor_Conquest_Intender_Desktop_01136396,Desktop,Unknown,Chrome,Macintosh,finance.yahoo.com,4,0,0,0.002323
{MS} {BU: VN} Ford Linked,USD,XVN19-0192_Everest_Q4_Shopper_Desktop_01136396,Competitor_Conquest_Intender_Desktop_01136396,Desktop,Unknown,Chrome,Macintosh,financialwolves.com,2,0,0,0.002128
{MS} {BU: VN} Ford Linked,USD,XVN19-0192_Everest_Q4_Shopper_Desktop_01136396,Competitor_Conquest_Intender_Desktop_01136396,Desktop,Unknown,Chrome,Macintosh,flaticon.com,13,0,0,0.011527
{MS} {BU: VN} Ford Linked,USD,XVN19-0192_Everest_Q4_Shopper_Desktop_01136396,Competitor_Conquest_Intender_Desktop_01136396,Desktop,Unknown,Chrome,Macintosh,fontspace.com,1,0,0,0.001048
{MS} {BU: VN} Ford Linked,USD,XVN19-0192_Everest_Q4_Shopper_Desktop_01136396,Competitor_Conquest_Intender_Desktop_01136396,Desktop,Unknown,Chrome,Macintosh,forbes.com,1,0,0,0.001135
{MS} {BU: VN} Ford Linked,USD,XVN19-0192_Everest_Q4_Shopper_Desktop_01136396,Competitor_Conquest_Intender_Desktop_01136396,Desktop,Unknown,Chrome,Macintosh,formula1.com,1,0,0,0.001296
{MS} {BU: VN} Ford Linked,USD,XVN19-0192_Everest_Q4_Shopper_Desktop_01136396,Competitor_Conquest_Intender_Desktop_01136396,Desktop,Unknown,Chrome,Macintosh,forum.wordreference.com,1,0,0,0.000667
{MS} {BU: VN} Ford Linked,USD,XVN19-0192_Everest_Q4_Shopper_Desktop_01136396,Competitor_Conquest_Intender_Desktop_01136396,Desktop,Unknown,Chrome,Macintosh,forums.macrumors.com,4,0,0,0.002857
{MS} {BU: VN} Ford Linked,USD,XVN19-0192_Everest_Q4_Shopper_Desktop_01136396,Competitor_Conquest_Intender_Desktop_01136396,Desktop,Unknown,Chrome,Macintosh,freepik.com,717,0,0,0.628311
{MS} {BU: VN} Ford Linked,USD,XVN19-0192_Everest_Q4_Shopper_Desktop_01136396,Competitor_Conquest_Intender_Desktop_01136396,Desktop,Unknown,Chrome,Macintosh,futbin.com,1,0,0,0.000611
{MS} {BU: VN} Ford Linked,USD,XVN19-0192_Everest_Q4_Shopper_Desktop_01136396,Competitor_Conquest_Intender_Desktop_01136396,Desktop,Unknown,Chrome,Macintosh,game24h.vn,1,0,0,0.000646
{MS} {BU: VN} Ford Linked,USD,XVN19-0192_Everest_Q4_Shopper_Desktop_01136396,Competitor_Conquest_Intender_Desktop_01136396,Desktop,Unknown,Chrome,Macintosh,gazzetta.it,3,0,0,0.003609
{MS} {BU: VN} Ford Linked,USD,XVN19-0192_Everest_Q4_Shopper_Desktop_01136396,Competitor_Conquest_Intender_Desktop_01136396,Desktop,Unknown,Chrome,Macintosh,gearpatrol.com,3,0,0,0.00132
{MS} {BU: VN} Ford Linked,USD,XVN19-0192_Everest_Q4_Shopper_Desktop_01136396,Competitor_Conquest_Intender_Desktop_01136396,Desktop,Unknown,Chrome,Macintosh,geek.com,2,0,0,0.001615
{MS} {BU: VN} Ford Linked,USD,XVN19-0192_Everest_Q4_Shopper_Desktop_01136396,Competitor_Conquest_Intender_Desktop_01136396,Desktop,Unknown,Chrome,Macintosh,geekflare.com,6,0,0,0.003764
{MS} {BU: VN} Ford Linked,USD,XVN19-0192_Everest_Q4_Shopper_Desktop_01136396,Competitor_Conquest_Intender_Desktop_01136396,Desktop,Unknown,Chrome,Macintosh,getpocket.com,2,0,0,0.001968
{MS} {BU: VN} Ford Linked,USD,XVN19-0192_Everest_Q4_Shopper_Desktop_01136396,Competitor_Conquest_Intender_Desktop_01136396,Desktop,Unknown,Chrome,Macintosh,glassdoor.com,1,0,0,0.000691
{MS} {BU: VN} Ford Linked,USD,XVN19-0192_Everest_Q4_Shopper_Desktop_01136396,Competitor_Conquest_Intender_Desktop_01136396,Desktop,Unknown,Chrome,Macintosh,gmanetwork.com/news,1,0,0,0.001174
{MS} {BU: VN} Ford Linked,USD,XVN19-0192_Everest_Q4_Shopper_Desktop_01136396,Competitor_Conquest_Intender_Desktop_01136396,Desktop,Unknown,Chrome,Macintosh,goingawesomeplaces.com,5,0,0,0.004215
{MS} {BU: VN} Ford Linked,USD,XVN19-0192_Everest_Q4_Shopper_Desktop_01136396,Competitor_Conquest_Intender_Desktop_01136396,Desktop,Unknown,Chrome,Macintosh,gq.com,1,0,0,0.000775
{MS} {BU: VN} Ford Linked,USD,XVN19-0192_Everest_Q4_Shopper_Desktop_01136396,Competitor_Conquest_Intender_Desktop_01136396,Desktop,Unknown,Chrome,Macintosh,greetingsisland.com,1,0,0,0.000836
{MS} {BU: VN} Ford Linked,USD,XVN19-0192_Everest_Q4_Shopper_Desktop_01136396,Competitor_Conquest_Intender_Desktop_01136396,Desktop,Unknown,Chrome,Macintosh,gridoto.com,1,0,0,0.000887
{MS} {BU: VN} Ford Linked,USD,XVN19-0192_Everest_Q4_Shopper_Desktop_01136396,Competitor_Conquest_Intender_Desktop_01136396,Desktop,Unknown,Chrome,Macintosh,gsmarena.com,5,0,0,0.004214
{MS} {BU: VN} Ford Linked,USD,XVN19-0192_Everest_Q4_Shopper_Desktop_01136396,Competitor_Conquest_Intender_Desktop_01136396,Desktop,Unknown,Chrome,Macintosh,gulfnews.com,1,0,0,0.001067
{MS} {BU: VN} Ford Linked,USD,XVN19-0192_Everest_Q4_Shopper_Desktop_01136396,Competitor_Conquest_Intender_Desktop_01136396,Desktop,Unknown,Chrome,Macintosh,guru99.com,2,0,0,0.001955
{MS} {BU: VN} Ford Linked,USD,XVN19-0192_Everest_Q4_Shopper_Desktop_01136396,Competitor_Conquest_Intender_Desktop_01136396,Desktop,Unknown,Chrome,Macintosh,hankyung.com,1,0,0,0.0009
{MS} {BU: VN} Ford Linked,USD,XVN19-0192_Everest_Q4_Shopper_Desktop_01136396,Competitor_Conquest_Intender_Desktop_01136396,Desktop,Unknown,Chrome,Macintosh,healthykitchen101.com,2,0,0,0.002197
{MS} {BU: VN} Ford Linked,USD,XVN19-0192_Everest_Q4_Shopper_Desktop_01136396,Competitor_Conquest_Intender_Desktop_01136396,Desktop,Unknown,Chrome,Macintosh,herway.net,1,0,0,0.001031
{MS} {BU: VN} Ford Linked,USD,XVN19-0192_Everest_Q4_Shopper_Desktop_01136396,Competitor_Conquest_Intender_Desktop_01136396,Desktop,Unknown,Chrome,Macintosh,hespokestyle.com,5,0,0,0.004484
{MS} {BU: VN} Ford Linked,USD,XVN19-0192_Everest_Q4_Shopper_Desktop_01136396,Competitor_Conquest_Intender_Desktop_01136396,Desktop,Unknown,Chrome,Macintosh,hocluat.vn,2,0,0,0.002207
{MS} {BU: VN} Ford Linked,USD,XVN19-0192_Everest_Q4_Shopper_Desktop_01136396,Competitor_Conquest_Intender_Desktop_01136396,Desktop,Unknown,Chrome,Macintosh,howcast.com,2,0,0,0.001845
{MS} {BU: VN} Ford Linked,USD,XVN19-0192_Everest_Q4_Shopper_Desktop_01136396,Competitor_Conquest_Intender_Desktop_01136396,Desktop,Unknown,Chrome,Macintosh,howtodoinjava.com,1,0,0,0.000494
{MS} {BU: VN} Ford Linked,USD,XVN19-0192_Everest_Q4_Shopper_Desktop_01136396,Competitor_Conquest_Intender_Desktop_01136396,Desktop,Unknown,Chrome,Macintosh,howtoforge.com,3,0,0,0.002711
{MS} {BU: VN} Ford Linked,USD,XVN19-0192_Everest_Q4_Shopper_Desktop_01136396,Competitor_Conquest_Intender_Desktop_01136396,Desktop,Unknown,Chrome,Macintosh,howtogeek.com,5,0,0,0.003584
{MS} {BU: VN} Ford Linked,USD,XVN19-0192_Everest_Q4_Shopper_Desktop_01136396,Competitor_Conquest_Intender_Desktop_01136396,Desktop,Unknown,Chrome,Macintosh,hypebeast.com,1,0,0,0.000961
{MS} {BU: VN} Ford Linked,USD,XVN19-0192_Everest_Q4_Shopper_Desktop_01136396,Competitor_Conquest_Intender_Desktop_01136396,Desktop,Unknown,Chrome,Macintosh,imei.info,5,0,0,0.006835
{MS} {BU: VN} Ford Linked,USD,XVN19-0192_Everest_Q4_Shopper_Desktop_01136396,Competitor_Conquest_Intender_Desktop_01136396,Desktop,Unknown,Chrome,Macintosh,imore.com,3,0,0,0.002227
{MS} {BU: VN} Ford Linked,USD,XVN19-0192_Everest_Q4_Shopper_Desktop_01136396,Competitor_Conquest_Intender_Desktop_01136396,Desktop,Unknown,Chrome,Macintosh,infonet.vn,6,0,0,0.003863
{MS} {BU: VN} Ford Linked,USD,XVN19-0192_Everest_Q4_Shopper_Desktop_01136396,Competitor_Conquest_Intender_Desktop_01136396,Desktop,Unknown,Chrome,Macintosh,int.soccerway.com,3,0,0,0.002649
{MS} {BU: VN} Ford Linked,USD,XVN19-0192_Everest_Q4_Shopper_Desktop_01136396,Competitor_Conquest_Intender_Desktop_01136396,Desktop,Unknown,Chrome,Macintosh,investing.com,4,0,0,0.004405
{MS} {BU: VN} Ford Linked,USD,XVN19-0192_Everest_Q4_Shopper_Desktop_01136396,Competitor_Conquest_Intender_Desktop_01136396,Desktop,Unknown,Chrome,Macintosh,ioe.vn,1,0,0,0.000746
{MS} {BU: VN} Ford Linked,USD,XVN19-0192_Everest_Q4_Shopper_Desktop_01136396,Competitor_Conquest_Intender_Desktop_01136396,Desktop,Unknown,Chrome,Macintosh,ione.vnexpress.net,3,0,0,0.002642
{MS} {BU: VN} Ford Linked,USD,XVN19-0192_Everest_Q4_Shopper_Desktop_01136396,Competitor_Conquest_Intender_Desktop_01136396,Desktop,Unknown,Chrome,Macintosh,iphonelife.com,1,0,0,0.001072
{MS} {BU: VN} Ford Linked,USD,XVN19-0192_Everest_Q4_Shopper_Desktop_01136396,Competitor_Conquest_Intender_Desktop_01136396,Desktop,Unknown,Chrome,Macintosh,javadecompilers.com,1,0,0,0.00134
{MS} {BU: VN} Ford Linked,USD,XVN19-0192_Everest_Q4_Shopper_Desktop_01136396,Competitor_Conquest_Intender_Desktop_01136396,Desktop,Unknown,Chrome,Macintosh,javadevjournal.com,3,0,0,0.00267
{MS} {BU: VN} Ford Linked,USD,XVN19-0192_Everest_Q4_Shopper_Desktop_01136396,Competitor_Conquest_Intender_Desktop_01136396,Desktop,Unknown,Chrome,Macintosh,javatips.net,4,0,0,0.002008
{MS} {BU: VN} Ford Linked,USD,XVN19-0192_Everest_Q4_Shopper_Desktop_01136396,Competitor_Conquest_Intender_Desktop_01136396,Desktop,Unknown,Chrome,Macintosh,javatpoint.com,13,0,0,0.007699
{MS} {BU: VN} Ford Linked,USD,XVN19-0192_Everest_Q4_Shopper_Desktop_01136396,Competitor_Conquest_Intender_Desktop_01136396,Desktop,Unknown,Chrome,Macintosh,jscompress.com,3,0,0,0.002346
{MS} {BU: VN} Ford Linked,USD,XVN19-0192_Everest_Q4_Shopper_Desktop_01136396,Competitor_Conquest_Intender_Desktop_01136396,Desktop,Unknown,Chrome,Macintosh,kijiji.ca,1,0,0,0.001169
{MS} {BU: VN} Ford Linked,USD,XVN19-0192_Everest_Q4_Shopper_Desktop_01136396,Competitor_Conquest_Intender_Desktop_01136396,Desktop,Unknown,Chrome,Macintosh,kimovil.com,2,0,0,0.00125
{MS} {BU: VN} Ford Linked,USD,XVN19-0192_Everest_Q4_Shopper_Desktop_01136396,Competitor_Conquest_Intender_Desktop_01136396,Desktop,Unknown,Chrome,Macintosh,knowyourmobile.com,3,0,0,0.002256
{MS} {BU: VN} Ford Linked,USD,XVN19-0192_Everest_Q4_Shopper_Desktop_01136396,Competitor_Conquest_Intender_Desktop_01136396,Desktop,Unknown,Chrome,Macintosh,laopinion.com,3,0,0,0.002697
{MS} {BU: VN} Ford Linked,USD,XVN19-0192_Everest_Q4_Shopper_Desktop_01136396,Competitor_Conquest_Intender_Desktop_01136396,Desktop,Unknown,Chrome,Macintosh,laptopmag.com,2,0,0,0.002065
{MS} {BU: VN} Ford Linked,USD,XVN19-0192_Everest_Q4_Shopper_Desktop_01136396,Competitor_Conquest_Intender_Desktop_01136396,Desktop,Unknown,Chrome,Macintosh,last.fm,2,0,0,0.002143
{MS} {BU: VN} Ford Linked,USD,XVN19-0192_Everest_Q4_Shopper_Desktop_01136396,Competitor_Conquest_Intender_Desktop_01136396,Desktop,Unknown,Chrome,Macintosh,lawlessfrench.com,6,0,0,0.005106
{MS} {BU: VN} Ford Linked,USD,XVN19-0192_Everest_Q4_Shopper_Desktop_01136396,Competitor_Conquest_Intender_Desktop_01136396,Desktop,Unknown,Chrome,Macintosh,ldoceonline.com,5,0,0,0.004232
{MS} {BU: VN} Ford Linked,USD,XVN19-0192_Everest_Q4_Shopper_Desktop_01136396,Competitor_Conquest_Intender_Desktop_01136396,Desktop,Unknown,Chrome,Macintosh,lichngaytot.com,2,0,0,0.000719
{MS} {BU: VN} Ford Linked,USD,XVN19-0192_Everest_Q4_Shopper_Desktop_01136396,Competitor_Conquest_Intender_Desktop_01136396,Desktop,Unknown,Chrome,Macintosh,lifehacker.com,1,0,0,0.001088
{MS} {BU: VN} Ford Linked,USD,XVN19-0192_Everest_Q4_Shopper_Desktop_01136396,Competitor_Conquest_Intender_Desktop_01136396,Desktop,Unknown,Chrome,Macintosh,lifewire.com,6,0,0,0.006775
{MS} {BU: VN} Ford Linked,USD,XVN19-0192_Everest_Q4_Shopper_Desktop_01136396,Competitor_Conquest_Intender_Desktop_01136396,Desktop,Unknown,Chrome,Macintosh,linuxhint.com,1,0,0,0.000967
{MS} {BU: VN} Ford Linked,USD,XVN19-0192_Everest_Q4_Shopper_Desktop_01136396,Competitor_Conquest_Intender_Desktop_01136396,Desktop,Unknown,Chrome,Macintosh,linuxize.com,4,0,0,0.005269
{MS} {BU: VN} Ford Linked,USD,XVN19-0192_Everest_Q4_Shopper_Desktop_01136396,Competitor_Conquest_Intender_Desktop_01136396,Desktop,Unknown,Chrome,Macintosh,linuxnewbieguide.org,2,0,0,0.002713
{MS} {BU: VN} Ford Linked,USD,XVN19-0192_Everest_Q4_Shopper_Desktop_01136396,Competitor_Conquest_Intender_Desktop_01136396,Desktop,Unknown,Chrome,Macintosh,looxcie.com,5,0,0,0.005229
{MS} {BU: VN} Ford Linked,USD,XVN19-0192_Everest_Q4_Shopper_Desktop_01136396,Competitor_Conquest_Intender_Desktop_01136396,Desktop,Unknown,Chrome,Macintosh,macreports.com,4,0,0,0.003526
{MS} {BU: VN} Ford Linked,USD,XVN19-0192_Everest_Q4_Shopper_Desktop_01136396,Competitor_Conquest_Intender_Desktop_01136396,Desktop,Unknown,Chrome,Macintosh,macrumors.com,1,0,0,0.000668
{MS} {BU: VN} Ford Linked,USD,XVN19-0192_Everest_Q4_Shopper_Desktop_01136396,Competitor_Conquest_Intender_Desktop_01136396,Desktop,Unknown,Chrome,Macintosh,macworld.co.uk,14,0,0,0.013178
{MS} {BU: VN} Ford Linked,USD,XVN19-0192_Everest_Q4_Shopper_Desktop_01136396,Competitor_Conquest_Intender_Desktop_01136396,Desktop,Unknown,Chrome,Macintosh,macworld.com,1,0,0,0.001129
{MS} {BU: VN} Ford Linked,USD,XVN19-0192_Everest_Q4_Shopper_Desktop_01136396,Competitor_Conquest_Intender_Desktop_01136396,Desktop,Unknown,Chrome,Macintosh,makeuseof.com,8,0,0,0.004765
{MS} {BU: VN} Ford Linked,USD,XVN19-0192_Everest_Q4_Shopper_Desktop_01136396,Competitor_Conquest_Intender_Desktop_01136396,Desktop,Unknown,Chrome,Macintosh,marca.com,3,0,0,0.001962
{MS} {BU: VN} Ford Linked,USD,XVN19-0192_Everest_Q4_Shopper_Desktop_01136396,Competitor_Conquest_Intender_Desktop_01136396,Desktop,Unknown,Chrome,Macintosh,mashable.com,1,0,0,0.000984
{MS} {BU: VN} Ford Linked,USD,XVN19-0192_Everest_Q4_Shopper_Desktop_01136396,Competitor_Conquest_Intender_Desktop_01136396,Desktop,Unknown,Chrome,Macintosh,mavicpilots.com,1,0,0,0.000983
{MS} {BU: VN} Ford Linked,USD,XVN19-0192_Everest_Q4_Shopper_Desktop_01136396,Competitor_Conquest_Intender_Desktop_01136396,Desktop,Unknown,Chrome,Macintosh,md5online.org,1,0,0,0.001328
{MS} {BU: VN} Ford Linked,USD,XVN19-0192_Everest_Q4_Shopper_Desktop_01136396,Competitor_Conquest_Intender_Desktop_01136396,Desktop,Unknown,Chrome,Macintosh,merriam-webster.com/dictionary,2,0,0,0.001274
{MS} {BU: VN} Ford Linked,USD,XVN19-0192_Everest_Q4_Shopper_Desktop_01136396,Competitor_Conquest_Intender_Desktop_01136396,Desktop,Unknown,Chrome,Macintosh,metro.co.uk,1,0,0,0.001085
{MS} {BU: VN} Ford Linked,USD,XVN19-0192_Everest_Q4_Shopper_Desktop_01136396,Competitor_Conquest_Intender_Desktop_01136396,Desktop,Unknown,Chrome,Macintosh,mindbodygreen.com,11,0,0,0.010201
{MS} {BU: VN} Ford Linked,USD,XVN19-0192_Everest_Q4_Shopper_Desktop_01136396,Competitor_Conquest_Intender_Desktop_01136396,Desktop,Unknown,Chrome,Macintosh,mirror.co.uk,2,0,0,0.001948
{MS} {BU: VN} Ford Linked,USD,XVN19-0192_Everest_Q4_Shopper_Desktop_01136396,Competitor_Conquest_Intender_Desktop_01136396,Desktop,Unknown,Chrome,Macintosh,mixcloud.com,8,0,0,0.004769
{MS} {BU: VN} Ford Linked,USD,XVN19-0192_Everest_Q4_Shopper_Desktop_01136396,Competitor_Conquest_Intender_Desktop_01136396,Desktop,Unknown,Chrome,Macintosh,mkyong.com,1,0,0,0.000563
{MS} {BU: VN} Ford Linked,USD,XVN19-0192_Everest_Q4_Shopper_Desktop_01136396,Competitor_Conquest_Intender_Desktop_01136396,Desktop,Unknown,Chrome,Macintosh,mma-core.com,1,0,0,0.000942
{MS} {BU: VN} Ford Linked,USD,XVN19-0192_Everest_Q4_Shopper_Desktop_01136396,Competitor_Conquest_Intender_Desktop_01136396,Desktop,Unknown,Chrome,Macintosh,moneyversed.com,5,0,0,0.003918
{MS} {BU: VN} Ford Linked,USD,XVN19-0192_Everest_Q4_Shopper_Desktop_01136396,Competitor_Conquest_Intender_Desktop_01136396,Desktop,Unknown,Chrome,Macintosh,mopedarmy.com,1,0,0,0.000937
{MS} {BU: VN} Ford Linked,USD,XVN19-0192_Everest_Q4_Shopper_Desktop_01136396,Competitor_Conquest_Intender_Desktop_01136396,Desktop,Unknown,Chrome,Macintosh,motorsport.com,3,0,0,0.003897
{MS} {BU: VN} Ford Linked,USD,XVN19-0192_Everest_Q4_Shopper_Desktop_01136396,Competitor_Conquest_Intender_Desktop_01136396,Desktop,Unknown,Chrome,Macintosh,motorsportmagazine.com,1,0,0,0.000584
{MS} {BU: VN} Ford Linked,USD,XVN19-0192_Everest_Q4_Shopper_Desktop_01136396,Competitor_Conquest_Intender_Desktop_01136396,Desktop,Unknown,Chrome,Macintosh,mrguider.org,8,0,0,0.007897
{MS} {BU: VN} Ford Linked,USD,XVN19-0192_Everest_Q4_Shopper_Desktop_01136396,Competitor_Conquest_Intender_Desktop_01136396,Desktop,Unknown,Chrome,Macintosh,mydramalist.com,2,0,0,0.001103
{MS} {BU: VN} Ford Linked,USD,XVN19-0192_Everest_Q4_Shopper_Desktop_01136396,Competitor_Conquest_Intender_Desktop_01136396,Desktop,Unknown,Chrome,Macintosh,nature.com,1,0,0,0.001454
{MS} {BU: VN} Ford Linked,USD,XVN19-0192_Everest_Q4_Shopper_Desktop_01136396,Competitor_Conquest_Intender_Desktop_01136396,Desktop,Unknown,Chrome,Macintosh,nbcnews.com,1,0,0,0.001212
{MS} {BU: VN} Ford Linked,USD,XVN19-0192_Everest_Q4_Shopper_Desktop_01136396,Competitor_Conquest_Intender_Desktop_01136396,Desktop,Unknown,Chrome,Macintosh,ndtv.com,2,0,0,0.001955
{MS} {BU: VN} Ford Linked,USD,XVN19-0192_Everest_Q4_Shopper_Desktop_01136396,Competitor_Conquest_Intender_Desktop_01136396,Desktop,Unknown,Chrome,Macintosh,networkworld.com,1,0,0,0.001068
{MS} {BU: VN} Ford Linked,USD,XVN19-0192_Everest_Q4_Shopper_Desktop_01136396,Competitor_Conquest_Intender_Desktop_01136396,Desktop,Unknown,Chrome,Macintosh,news.com.au,7,0,0,0.007208
{MS} {BU: VN} Ford Linked,USD,XVN19-0192_Everest_Q4_Shopper_Desktop_01136396,Competitor_Conquest_Intender_Desktop_01136396,Desktop,Unknown,Chrome,Macintosh,news.yahoo.com,1,0,0,0.000568
{MS} {BU: VN} Ford Linked,USD,XVN19-0192_Everest_Q4_Shopper_Desktop_01136396,Competitor_Conquest_Intender_Desktop_01136396,Desktop,Unknown,Chrome,Macintosh,nexusmods.com,1,0,0,0.000559
{MS} {BU: VN} Ford Linked,USD,XVN19-0192_Everest_Q4_Shopper_Desktop_01136396,Competitor_Conquest_Intender_Desktop_01136396,Desktop,Unknown,Chrome,Macintosh,ngoisao.net,20,0,0,0.015105
{MS} {BU: VN} Ford Linked,USD,XVN19-0192_Everest_Q4_Shopper_Desktop_01136396,Competitor_Conquest_Intender_Desktop_01136396,Desktop,Unknown,Chrome,Macintosh,nguoiduatin.vn,2,0,0,0.001628
{MS} {BU: VN} Ford Linked,USD,XVN19-0192_Everest_Q4_Shopper_Desktop_01136396,Competitor_Conquest_Intender_Desktop_01136396,Desktop,Unknown,Chrome,Macintosh,nhattao.com,22,0,0,0.016847
{MS} {BU: VN} Ford Linked,USD,XVN19-0192_Everest_Q4_Shopper_Desktop_01136396,Competitor_Conquest_Intender_Desktop_01136396,Desktop,Unknown,Chrome,Macintosh,nomadicnotes.com,4,0,0,0.004395
{MS} {BU: VN} Ford Linked,USD,XVN19-0192_Everest_Q4_Shopper_Desktop_01136396,Competitor_Conquest_Intender_Desktop_01136396,Desktop,Unknown,Chrome,Macintosh,notesmatic.com,1,0,0,0.001409
{MS} {BU: VN} Ford Linked,USD,XVN19-0192_Everest_Q4_Shopper_Desktop_01136396,Competitor_Conquest_Intender_Desktop_01136396,Desktop,Unknown,Chrome,Macintosh,nytimes.com,4,0,0,0.00416
{MS} {BU: VN} Ford Linked,USD,XVN19-0192_Everest_Q4_Shopper_Desktop_01136396,Competitor_Conquest_Intender_Desktop_01136396,Desktop,Unknown,Chrome,Macintosh,o7planning.org,4,0,0,0.004788
{MS} {BU: VN} Ford Linked,USD,XVN19-0192_Everest_Q4_Shopper_Desktop_01136396,Competitor_Conquest_Intender_Desktop_01136396,Desktop,Unknown,Chrome,Macintosh,oetjobs.com,5,0,0,0.004517
{MS} {BU: VN} Ford Linked,USD,XVN19-0192_Everest_Q4_Shopper_Desktop_01136396,Competitor_Conquest_Intender_Desktop_01136396,Desktop,Unknown,Chrome,Macintosh,open.spotify.com,5,0,0,0.002325
{MS} {BU: VN} Ford Linked,USD,XVN19-0192_Everest_Q4_Shopper_Desktop_01136396,Competitor_Conquest_Intender_Desktop_01136396,Desktop,Unknown,Chrome,Macintosh,owler.com,1,0,0,0.00072
{MS} {BU: VN} Ford Linked,USD,XVN19-0192_Everest_Q4_Shopper_Desktop_01136396,Competitor_Conquest_Intender_Desktop_01136396,Desktop,Unknown,Chrome,Macintosh,oxfordlearnersdictionaries.com,5,0,0,0.004291
{MS} {BU: VN} Ford Linked,USD,XVN19-0192_Everest_Q4_Shopper_Desktop_01136396,Competitor_Conquest_Intender_Desktop_01136396,Desktop,Unknown,Chrome,Macintosh,panzoid.com,3,0,0,0.00225
{MS} {BU: VN} Ford Linked,USD,XVN19-0192_Everest_Q4_Shopper_Desktop_01136396,Competitor_Conquest_Intender_Desktop_01136396,Desktop,Unknown,Chrome,Macintosh,papernstitchblog.com,1,0,0,0.001111
{MS} {BU: VN} Ford Linked,USD,XVN19-0192_Everest_Q4_Shopper_Desktop_01136396,Competitor_Conquest_Intender_Desktop_01136396,Desktop,Unknown,Chrome,Macintosh,parents.com,3,0,0,0.002691
{MS} {BU: VN} Ford Linked,USD,XVN19-0192_Everest_Q4_Shopper_Desktop_01136396,Competitor_Conquest_Intender_Desktop_01136396,Desktop,Unknown,Chrome,Macintosh,pastemagazine.com,1,0,0,0.00094
{MS} {BU: VN} Ford Linked,USD,XVN19-0192_Everest_Q4_Shopper_Desktop_01136396,Competitor_Conquest_Intender_Desktop_01136396,Desktop,Unknown,Chrome,Macintosh,petrotimes.vn,4,0,0,0.002751
{MS} {BU: VN} Ford Linked,USD,XVN19-0192_Everest_Q4_Shopper_Desktop_01136396,Competitor_Conquest_Intender_Desktop_01136396,Desktop,Unknown,Chrome,Macintosh,photographylife.com,2,0,0,0.00126
{MS} {BU: VN} Ford Linked,USD,XVN19-0192_Everest_Q4_Shopper_Desktop_01136396,Competitor_Conquest_Intender_Desktop_01136396,Desktop,Unknown,Chrome,Macintosh,pimylifeup.com,3,0,0,0.002982
{MS} {BU: VN} Ford Linked,USD,XVN19-0192_Everest_Q4_Shopper_Desktop_01136396,Competitor_Conquest_Intender_Desktop_01136396,Desktop,Unknown,Chrome,Macintosh,pistonheads.com,1,0,0,0.001203
{MS} {BU: VN} Ford Linked,USD,XVN19-0192_Everest_Q4_Shopper_Desktop_01136396,Competitor_Conquest_Intender_Desktop_01136396,Desktop,Unknown,Chrome,Macintosh,planetf1.com,2,0,0,0.002018
{MS} {BU: VN} Ford Linked,USD,XVN19-0192_Everest_Q4_Shopper_Desktop_01136396,Competitor_Conquest_Intender_Desktop_01136396,Desktop,Unknown,Chrome,Macintosh,plo.vn,2,0,0,0.00174
{MS} {BU: VN} Ford Linked,USD,XVN19-0192_Everest_Q4_Shopper_Desktop_01136396,Competitor_Conquest_Intender_Desktop_01136396,Desktop,Unknown,Chrome,Macintosh,popcrush.com,1,0,0,0.00104
{MS} {BU: VN} Ford Linked,USD,XVN19-0192_Everest_Q4_Shopper_Desktop_01136396,Competitor_Conquest_Intender_Desktop_01136396,Desktop,Unknown,Chrome,Macintosh,popjustice.com,2,0,0,0.001634
{MS} {BU: VN} Ford Linked,USD,XVN19-0192_Everest_Q4_Shopper_Desktop_01136396,Competitor_Conquest_Intender_Desktop_01136396,Desktop,Unknown,Chrome,Macintosh,programcreek.com,14,0,0,0.018968
{MS} {BU: VN} Ford Linked,USD,XVN19-0192_Everest_Q4_Shopper_Desktop_01136396,Competitor_Conquest_Intender_Desktop_01136396,Desktop,Unknown,Chrome,Macintosh,programiz.com,1,0,0,0.000435
{MS} {BU: VN} Ford Linked,USD,XVN19-0192_Everest_Q4_Shopper_Desktop_01136396,Competitor_Conquest_Intender_Desktop_01136396,Desktop,Unknown,Chrome,Macintosh,python-guide.org,1,0,0,0.000793
{MS} {BU: VN} Ford Linked,USD,XVN19-0192_Everest_Q4_Shopper_Desktop_01136396,Competitor_Conquest_Intender_Desktop_01136396,Desktop,Unknown,Chrome,Macintosh,quizlet.com,3,0,0,0.002237
{MS} {BU: VN} Ford Linked,USD,XVN19-0192_Everest_Q4_Shopper_Desktop_01136396,Competitor_Conquest_Intender_Desktop_01136396,Desktop,Unknown,Chrome,Macintosh,randomnerdtutorials.com,4,0,0,0.004336
{MS} {BU: VN} Ford Linked,USD,XVN19-0192_Everest_Q4_Shopper_Desktop_01136396,Competitor_Conquest_Intender_Desktop_01136396,Desktop,Unknown,Chrome,Macintosh,rd.com,1,0,0,0.0011
{MS} {BU: VN} Ford Linked,USD,XVN19-0192_Everest_Q4_Shopper_Desktop_01136396,Competitor_Conquest_Intender_Desktop_01136396,Desktop,Unknown,Chrome,Macintosh,realestate.com.au,2,0,0,0.002061
{MS} {BU: VN} Ford Linked,USD,XVN19-0192_Everest_Q4_Shopper_Desktop_01136396,Competitor_Conquest_Intender_Desktop_01136396,Desktop,Unknown,Chrome,Macintosh,realpython.com,6,0,0,0.004487
{MS} {BU: VN} Ford Linked,USD,XVN19-0192_Everest_Q4_Shopper_Desktop_01136396,Competitor_Conquest_Intender_Desktop_01136396,Desktop,Unknown,Chrome,Macintosh,realtor.com,1,0,0,0.00048
{MS} {BU: VN} Ford Linked,USD,XVN19-0192_Everest_Q4_Shopper_Desktop_01136396,Competitor_Conquest_Intender_Desktop_01136396,Desktop,Unknown,Chrome,Macintosh,reddit.com,7,0,0,0.00707
{MS} {BU: VN} Ford Linked,USD,XVN19-0192_Everest_Q4_Shopper_Desktop_01136396,Competitor_Conquest_Intender_Desktop_01136396,Desktop,Unknown,Chrome,Macintosh,rediff.com,2,0,0,0.002022
{MS} {BU: VN} Ford Linked,USD,XVN19-0192_Everest_Q4_Shopper_Desktop_01136396,Competitor_Conquest_Intender_Desktop_01136396,Desktop,Unknown,Chrome,Macintosh,rennlist.com,2,0,0,0.00197
{MS} {BU: VN} Ford Linked,USD,XVN19-0192_Everest_Q4_Shopper_Desktop_01136396,Competitor_Conquest_Intender_Desktop_01136396,Desktop,Unknown,Chrome,Macintosh,researchgate.net,11,0,0,0.006867
{MS} {BU: VN} Ford Linked,USD,XVN19-0192_Everest_Q4_Shopper_Desktop_01136396,Competitor_Conquest_Intender_Desktop_01136396,Desktop,Unknown,Chrome,Macintosh,rideapart.com,3,0,0,0.003606
{MS} {BU: VN} Ford Linked,USD,XVN19-0192_Everest_Q4_Shopper_Desktop_01136396,Competitor_Conquest_Intender_Desktop_01136396,Desktop,Unknown,Chrome,Macintosh,riptutorial.com,3,0,0,0.002097
{MS} {BU: VN} Ford Linked,USD,XVN19-0192_Everest_Q4_Shopper_Desktop_01136396,Competitor_Conquest_Intender_Desktop_01136396,Desktop,Unknown,Chrome,Macintosh,rottentomatoes.com,1,0,0,0.000926
{MS} {BU: VN} Ford Linked,USD,XVN19-0192_Everest_Q4_Shopper_Desktop_01136396,Competitor_Conquest_Intender_Desktop_01136396,Desktop,Unknown,Chrome,Macintosh,rung.vn,1,0,0,0.000866
{MS} {BU: VN} Ford Linked,USD,XVN19-0192_Everest_Q4_Shopper_Desktop_01136396,Competitor_Conquest_Intender_Desktop_01136396,Desktop,Unknown,Chrome,Macintosh,saostar.vn,3,0,0,0.002138
{MS} {BU: VN} Ford Linked,USD,XVN19-0192_Everest_Q4_Shopper_Desktop_01136396,Competitor_Conquest_Intender_Desktop_01136396,Desktop,Unknown,Chrome,Macintosh,scamadviser.com,3,0,0,0.003999
{MS} {BU: VN} Ford Linked,USD,XVN19-0192_Everest_Q4_Shopper_Desktop_01136396,Competitor_Conquest_Intender_Desktop_01136396,Desktop,Unknown,Chrome,Macintosh,science.howstuffworks.com,1,0,0,0.000576
{MS} {BU: VN} Ford Linked,USD,XVN19-0192_Everest_Q4_Shopper_Desktop_01136396,Competitor_Conquest_Intender_Desktop_01136396,Desktop,Unknown,Chrome,Macintosh,searchenginejournal.com,4,0,0,0.003441
{MS} {BU: VN} Ford Linked,USD,XVN19-0192_Everest_Q4_Shopper_Desktop_01136396,Competitor_Conquest_Intender_Desktop_01136396,Desktop,Unknown,Chrome,Macintosh,sitepoint.com,3,0,0,0.003408
{MS} {BU: VN} Ford Linked,USD,XVN19-0192_Everest_Q4_Shopper_Desktop_01136396,Competitor_Conquest_Intender_Desktop_01136396,Desktop,Unknown,Chrome,Macintosh,skysports.com,1,0,0,0.001274
{MS} {BU: VN} Ford Linked,USD,XVN19-0192_Everest_Q4_Shopper_Desktop_01136396,Competitor_Conquest_Intender_Desktop_01136396,Desktop,Unknown,Chrome,Macintosh,slant.co,5,0,0,0.004602
{MS} {BU: VN} Ford Linked,USD,XVN19-0192_Everest_Q4_Shopper_Desktop_01136396,Competitor_Conquest_Intender_Desktop_01136396,Desktop,Unknown,Chrome,Macintosh,slickdeals.net,1,0,0,0.000881
{MS} {BU: VN} Ford Linked,USD,XVN19-0192_Everest_Q4_Shopper_Desktop_01136396,Competitor_Conquest_Intender_Desktop_01136396,Desktop,Unknown,Chrome,Macintosh,socialblade.com,16,0,0,0.014885
{MS} {BU: VN} Ford Linked,USD,XVN19-0192_Everest_Q4_Shopper_Desktop_01136396,Competitor_Conquest_Intender_Desktop_01136396,Desktop,Unknown,Chrome,Macintosh,softonic.com,7,0,0,0.00662
{MS} {BU: VN} Ford Linked,USD,XVN19-0192_Everest_Q4_Shopper_Desktop_01136396,Competitor_Conquest_Intender_Desktop_01136396,Desktop,Unknown,Chrome,Macintosh,soompi.com,1,0,0,0.000702
{MS} {BU: VN} Ford Linked,USD,XVN19-0192_Everest_Q4_Shopper_Desktop_01136396,Competitor_Conquest_Intender_Desktop_01136396,Desktop,Unknown,Chrome,Macintosh,sourceforge.net,13,0,0,0.008989
{MS} {BU: VN} Ford Linked,USD,XVN19-0192_Everest_Q4_Shopper_Desktop_01136396,Competitor_Conquest_Intender_Desktop_01136396,Desktop,Unknown,Chrome,Macintosh,speedtest.net,11,0,0,0.009551
{MS} {BU: VN} Ford Linked,USD,XVN19-0192_Everest_Q4_Shopper_Desktop_01136396,Competitor_Conquest_Intender_Desktop_01136396,Desktop,Unknown,Chrome,Macintosh,spotify.com,9,0,0,0.007018
{MS} {BU: VN} Ford Linked,USD,XVN19-0192_Everest_Q4_Shopper_Desktop_01136396,Competitor_Conquest_Intender_Desktop_01136396,Desktop,Unknown,Chrome,Macintosh,stockcharts.com,1,0,0,0.000786
{MS} {BU: VN} Ford Linked,USD,XVN19-0192_Everest_Q4_Shopper_Desktop_01136396,Competitor_Conquest_Intender_Desktop_01136396,Desktop,Unknown,Chrome,Macintosh,styletic.com,2,0,0,0.001962
{MS} {BU: VN} Ford Linked,USD,XVN19-0192_Everest_Q4_Shopper_Desktop_01136396,Competitor_Conquest_Intender_Desktop_01136396,Desktop,Unknown,Chrome,Macintosh,supercars.com,5,0,0,0.00368
{MS} {BU: VN} Ford Linked,USD,XVN19-0192_Everest_Q4_Shopper_Desktop_01136396,Competitor_Conquest_Intender_Desktop_01136396,Desktop,Unknown,Chrome,Macintosh,surviv.io,5,0,0,0.003166
{MS} {BU: VN} Ford Linked,USD,XVN19-0192_Everest_Q4_Shopper_Desktop_01136396,Competitor_Conquest_Intender_Desktop_01136396,Desktop,Unknown,Chrome,Macintosh,tasteofhome.com,1,0,0,0.000842
{MS} {BU: VN} Ford Linked,USD,XVN19-0192_Everest_Q4_Shopper_Desktop_01136396,Competitor_Conquest_Intender_Desktop_01136396,Desktop,Unknown,Chrome,Macintosh,tattle.life,1,0,0,0.000878
{MS} {BU: VN} Ford Linked,USD,XVN19-0192_Everest_Q4_Shopper_Desktop_01136396,Competitor_Conquest_Intender_Desktop_01136396,Desktop,Unknown,Chrome,Macintosh,tech-recipes.com,1,0,0,0.000688
{MS} {BU: VN} Ford Linked,USD,XVN19-0192_Everest_Q4_Shopper_Desktop_01136396,Competitor_Conquest_Intender_Desktop_01136396,Desktop,Unknown,Chrome,Macintosh,techblog.vn,2,0,0,0.001448
{MS} {BU: VN} Ford Linked,USD,XVN19-0192_Everest_Q4_Shopper_Desktop_01136396,Competitor_Conquest_Intender_Desktop_01136396,Desktop,Unknown,Chrome,Macintosh,techjunkie.com,6,0,0,0.005165
{MS} {BU: VN} Ford Linked,USD,XVN19-0192_Everest_Q4_Shopper_Desktop_01136396,Competitor_Conquest_Intender_Desktop_01136396,Desktop,Unknown,Chrome,Macintosh,technipages.com,4,0,0,0.003984
{MS} {BU: VN} Ford Linked,USD,XVN19-0192_Everest_Q4_Shopper_Desktop_01136396,Competitor_Conquest_Intender_Desktop_01136396,Desktop,Unknown,Chrome,Macintosh,techradar.com,6,0,0,0.005589
{MS} {BU: VN} Ford Linked,USD,XVN19-0192_Everest_Q4_Shopper_Desktop_01136396,Competitor_Conquest_Intender_Desktop_01136396,Desktop,Unknown,Chrome,Macintosh,techrepublic.com,1,0,0,0.000613
{MS} {BU: VN} Ford Linked,USD,XVN19-0192_Everest_Q4_Shopper_Desktop_01136396,Competitor_Conquest_Intender_Desktop_01136396,Desktop,Unknown,Chrome,Macintosh,techwalla.com,7,0,0,0.006857
{MS} {BU: VN} Ford Linked,USD,XVN19-0192_Everest_Q4_Shopper_Desktop_01136396,Competitor_Conquest_Intender_Desktop_01136396,Desktop,Unknown,Chrome,Macintosh,text-compare.com,6,0,0,0.003638
{MS} {BU: VN} Ford Linked,USD,XVN19-0192_Everest_Q4_Shopper_Desktop_01136396,Competitor_Conquest_Intender_Desktop_01136396,Desktop,Unknown,Chrome,Macintosh,theawesomer.com,2,0,0,0.001254
{MS} {BU: VN} Ford Linked,USD,XVN19-0192_Everest_Q4_Shopper_Desktop_01136396,Competitor_Conquest_Intender_Desktop_01136396,Desktop,Unknown,Chrome,Macintosh,thebalancesmb.com,4,0,0,0.004615
{MS} {BU: VN} Ford Linked,USD,XVN19-0192_Everest_Q4_Shopper_Desktop_01136396,Competitor_Conquest_Intender_Desktop_01136396,Desktop,Unknown,Chrome,Macintosh,thecut.com,1,0,0,0.001123
{MS} {BU: VN} Ford Linked,USD,XVN19-0192_Everest_Q4_Shopper_Desktop_01136396,Competitor_Conquest_Intender_Desktop_01136396,Desktop,Unknown,Chrome,Macintosh,thegioidienanh.vn,4,0,0,0.002721
{MS} {BU: VN} Ford Linked,USD,XVN19-0192_Everest_Q4_Shopper_Desktop_01136396,Competitor_Conquest_Intender_Desktop_01136396,Desktop,Unknown,Chrome,Macintosh,theguardian.com,1,0,0,0.001075
{MS} {BU: VN} Ford Linked,USD,XVN19-0192_Everest_Q4_Shopper_Desktop_01136396,Competitor_Conquest_Intender_Desktop_01136396,Desktop,Unknown,Chrome,Macintosh,thesaurus.com,6,0,0,0.004092
{MS} {BU: VN} Ford Linked,USD,XVN19-0192_Everest_Q4_Shopper_Desktop_01136396,Competitor_Conquest_Intender_Desktop_01136396,Desktop,Unknown,Chrome,Macintosh,thesun.co.uk,1,0,0,0.001299
{MS} {BU: VN} Ford Linked,USD,XVN19-0192_Everest_Q4_Shopper_Desktop_01136396,Competitor_Conquest_Intender_Desktop_01136396,Desktop,Unknown,Chrome,Macintosh,theverge.com,4,0,0,0.004466
{MS} {BU: VN} Ford Linked,USD,XVN19-0192_Everest_Q4_Shopper_Desktop_01136396,Competitor_Conquest_Intender_Desktop_01136396,Desktop,Unknown,Chrome,Macintosh,theweek.co.uk,1,0,0,0.000592
{MS} {BU: VN} Ford Linked,USD,XVN19-0192_Everest_Q4_Shopper_Desktop_01136396,Competitor_Conquest_Intender_Desktop_01136396,Desktop,Unknown,Chrome,Macintosh,thewindowsclub.com,1,0,0,0.001475
{MS} {BU: VN} Ford Linked,USD,XVN19-0192_Everest_Q4_Shopper_Desktop_01136396,Competitor_Conquest_Intender_Desktop_01136396,Desktop,Unknown,Chrome,Macintosh,thoughtco.com,5,0,0,0.005633
{MS} {BU: VN} Ford Linked,USD,XVN19-0192_Everest_Q4_Shopper_Desktop_01136396,Competitor_Conquest_Intender_Desktop_01136396,Desktop,Unknown,Chrome,Macintosh,thoughts-on-java.org,2,0,0,0.002716
{MS} {BU: VN} Ford Linked,USD,XVN19-0192_Everest_Q4_Shopper_Desktop_01136396,Competitor_Conquest_Intender_Desktop_01136396,Desktop,Unknown,Chrome,Macintosh,tienphong.vn,7,0,0,0.004662
{MS} {BU: VN} Ford Linked,USD,XVN19-0192_Everest_Q4_Shopper_Desktop_01136396,Competitor_Conquest_Intender_Desktop_01136396,Desktop,Unknown,Chrome,Macintosh,topspeed.com,1,0,0,0.001208
{MS} {BU: VN} Ford Linked,USD,XVN19-0192_Everest_Q4_Shopper_Desktop_01136396,Competitor_Conquest_Intender_Desktop_01136396,Desktop,Unknown,Chrome,Macintosh,travelchannel.com,1,0,0,0.000912
{MS} {BU: VN} Ford Linked,USD,XVN19-0192_Everest_Q4_Shopper_Desktop_01136396,Competitor_Conquest_Intender_Desktop_01136396,Desktop,Unknown,Chrome,Macintosh,tripsavvy.com,1,0,0,0.001195
{MS} {BU: VN} Ford Linked,USD,XVN19-0192_Everest_Q4_Shopper_Desktop_01136396,Competitor_Conquest_Intender_Desktop_01136396,Desktop,Unknown,Chrome,Macintosh,trithucvn.net,2,0,0,0.001177
{MS} {BU: VN} Ford Linked,USD,XVN19-0192_Everest_Q4_Shopper_Desktop_01136396,Competitor_Conquest_Intender_Desktop_01136396,Desktop,Unknown,Chrome,Macintosh,trochoi.net,2,0,0,0.0013
{MS} {BU: VN} Ford Linked,USD,XVN19-0192_Everest_Q4_Shopper_Desktop_01136396,Competitor_Conquest_Intender_Desktop_01136396,Desktop,Unknown,Chrome,Macintosh,trumpexcel.com,3,0,0,0.002877
{MS} {BU: VN} Ford Linked,USD,XVN19-0192_Everest_Q4_Shopper_Desktop_01136396,Competitor_Conquest_Intender_Desktop_01136396,Desktop,Unknown,Chrome,Macintosh,tunein.com,6,0,0,0.00715
{MS} {BU: VN} Ford Linked,USD,XVN19-0192_Everest_Q4_Shopper_Desktop_01136396,Competitor_Conquest_Intender_Desktop_01136396,Desktop,Unknown,Chrome,Macintosh,tutorialsteacher.com,1,0,0,0.000667
{MS} {BU: VN} Ford Linked,USD,XVN19-0192_Everest_Q4_Shopper_Desktop_01136396,Competitor_Conquest_Intender_Desktop_01136396,Desktop,Unknown,Chrome,Macintosh,twittervideodownloader.com,3,0,0,0.001571
{MS} {BU: VN} Ford Linked,USD,XVN19-0192_Everest_Q4_Shopper_Desktop_01136396,Competitor_Conquest_Intender_Desktop_01136396,Desktop,Unknown,Chrome,Macintosh,urbanfonts.com,4,0,0,0.002797
{MS} {BU: VN} Ford Linked,USD,XVN19-0192_Everest_Q4_Shopper_Desktop_01136396,Competitor_Conquest_Intender_Desktop_01136396,Desktop,Unknown,Chrome,Macintosh,us.yahoo.com,1,0,0,0.000609
{MS} {BU: VN} Ford Linked,USD,XVN19-0192_Everest_Q4_Shopper_Desktop_01136396,Competitor_Conquest_Intender_Desktop_01136396,Desktop,Unknown,Chrome,Macintosh,valutafx.com,1,0,0,0.000942
{MS} {BU: VN} Ford Linked,USD,XVN19-0192_Everest_Q4_Shopper_Desktop_01136396,Competitor_Conquest_Intender_Desktop_01136396,Desktop,Unknown,Chrome,Macintosh,verywellfit.com,1,0,0,0.001328
{MS} {BU: VN} Ford Linked,USD,XVN19-0192_Everest_Q4_Shopper_Desktop_01136396,Competitor_Conquest_Intender_Desktop_01136396,Desktop,Unknown,Chrome,Macintosh,vi.y8.com,3,0,0,0.002339
{MS} {BU: VN} Ford Linked,USD,XVN19-0192_Everest_Q4_Shopper_Desktop_01136396,Competitor_Conquest_Intender_Desktop_01136396,Desktop,Unknown,Chrome,Macintosh,vietnamdaily.net.vn,1,0,0,0.000665
{MS} {BU: VN} Ford Linked,USD,XVN19-0192_Everest_Q4_Shopper_Desktop_01136396,Competitor_Conquest_Intender_Desktop_01136396,Desktop,Unknown,Chrome,Macintosh,vietstock.vn,15,0,0,0.010995
{MS} {BU: VN} Ford Linked,USD,XVN19-0192_Everest_Q4_Shopper_Desktop_01136396,Competitor_Conquest_Intender_Desktop_01136396,Desktop,Unknown,Chrome,Macintosh,visordown.com,1,0,0,0.001057
{MS} {BU: VN} Ford Linked,USD,XVN19-0192_Everest_Q4_Shopper_Desktop_01136396,Competitor_Conquest_Intender_Desktop_01136396,Desktop,Unknown,Chrome,Macintosh,vnexpress.net,140,0,0,0.128709
{MS} {BU: VN} Ford Linked,USD,XVN19-0192_Everest_Q4_Shopper_Desktop_01136396,Competitor_Conquest_Intender_Desktop_01136396,Desktop,Unknown,Chrome,Macintosh,vox.com,1,0,0,0.001156
{MS} {BU: VN} Ford Linked,USD,XVN19-0192_Everest_Q4_Shopper_Desktop_01136396,Competitor_Conquest_Intender_Desktop_01136396,Desktop,Unknown,Chrome,Macintosh,voz.vn,1,0,0,0.001075
{MS} {BU: VN} Ford Linked,USD,XVN19-0192_Everest_Q4_Shopper_Desktop_01136396,Competitor_Conquest_Intender_Desktop_01136396,Desktop,Unknown,Chrome,Macintosh,vtc.vn,2,0,0,0.001315
{MS} {BU: VN} Ford Linked,USD,XVN19-0192_Everest_Q4_Shopper_Desktop_01136396,Competitor_Conquest_Intender_Desktop_01136396,Desktop,Unknown,Chrome,Macintosh,w3schools.com,140,0,0,0.104068
{MS} {BU: VN} Ford Linked,USD,XVN19-0192_Everest_Q4_Shopper_Desktop_01136396,Competitor_Conquest_Intender_Desktop_01136396,Desktop,Unknown,Chrome,Macintosh,wareable.com,1,0,0,0.000641
{MS} {BU: VN} Ford Linked,USD,XVN19-0192_Everest_Q4_Shopper_Desktop_01136396,Competitor_Conquest_Intender_Desktop_01136396,Desktop,Unknown,Chrome,Macintosh,webdesignledger.com,3,0,0,0.002538
{MS} {BU: VN} Ford Linked,USD,XVN19-0192_Everest_Q4_Shopper_Desktop_01136396,Competitor_Conquest_Intender_Desktop_01136396,Desktop,Unknown,Chrome,Macintosh,webmd.com,1,0,0,0.00114
{MS} {BU: VN} Ford Linked,USD,XVN19-0192_Everest_Q4_Shopper_Desktop_01136396,Competitor_Conquest_Intender_Desktop_01136396,Desktop,Unknown,Chrome,Macintosh,webtretho.com,6,0,0,0.005188
{MS} {BU: VN} Ford Linked,USD,XVN19-0192_Everest_Q4_Shopper_Desktop_01136396,Competitor_Conquest_Intender_Desktop_01136396,Desktop,Unknown,Chrome,Macintosh,wellnessmama.com,3,0,0,0.002786
{MS} {BU: VN} Ford Linked,USD,XVN19-0192_Everest_Q4_Shopper_Desktop_01136396,Competitor_Conquest_Intender_Desktop_01136396,Desktop,Unknown,Chrome,Macintosh,whatfontis.com,4,0,0,0.003248
{MS} {BU: VN} Ford Linked,USD,XVN19-0192_Everest_Q4_Shopper_Desktop_01136396,Competitor_Conquest_Intender_Desktop_01136396,Desktop,Unknown,Chrome,Macintosh,whatismyip.com,1,0,0,0.000773
{MS} {BU: VN} Ford Linked,USD,XVN19-0192_Everest_Q4_Shopper_Desktop_01136396,Competitor_Conquest_Intender_Desktop_01136396,Desktop,Unknown,Chrome,Macintosh,whatismyipaddress.com,2,0,0,0.001752
{MS} {BU: VN} Ford Linked,USD,XVN19-0192_Everest_Q4_Shopper_Desktop_01136396,Competitor_Conquest_Intender_Desktop_01136396,Desktop,Unknown,Chrome,Macintosh,wholesomeyum.com,1,0,0,0.000904
{MS} {BU: VN} Ford Linked,USD,XVN19-0192_Everest_Q4_Shopper_Desktop_01136396,Competitor_Conquest_Intender_Desktop_01136396,Desktop,Unknown,Chrome,Macintosh,wikihow.com,6,0,0,0.005321
{MS} {BU: VN} Ford Linked,USD,XVN19-0192_Everest_Q4_Shopper_Desktop_01136396,Competitor_Conquest_Intender_Desktop_01136396,Desktop,Unknown,Chrome,Macintosh,wikihow.vn,1,0,0,0.000731
{MS} {BU: VN} Ford Linked,USD,XVN19-0192_Everest_Q4_Shopper_Desktop_01136396,Competitor_Conquest_Intender_Desktop_01136396,Desktop,Unknown,Chrome,Macintosh,windowscentral.com,5,0,0,0.003777
{MS} {BU: VN} Ford Linked,USD,XVN19-0192_Everest_Q4_Shopper_Desktop_01136396,Competitor_Conquest_Intender_Desktop_01136396,Desktop,Unknown,Chrome,Macintosh,wired.com,2,0,0,0.001417
{MS} {BU: VN} Ford Linked,USD,XVN19-0192_Everest_Q4_Shopper_Desktop_01136396,Competitor_Conquest_Intender_Desktop_01136396,Desktop,Unknown,Chrome,Macintosh,womenshealthmag.com,1,0,0,0.001082
{MS} {BU: VN} Ford Linked,USD,XVN19-0192_Everest_Q4_Shopper_Desktop_01136396,Competitor_Conquest_Intender_Desktop_01136396,Desktop,Unknown,Chrome,Macintosh,worldcoinindex.com,1,0,0,0.000313
{MS} {BU: VN} Ford Linked,USD,XVN19-0192_Everest_Q4_Shopper_Desktop_01136396,Competitor_Conquest_Intender_Desktop_01136396,Desktop,Unknown,Chrome,Macintosh,worldpopulationreview.com,2,0,0,0.001608
{MS} {BU: VN} Ford Linked,USD,XVN19-0192_Everest_Q4_Shopper_Desktop_01136396,Competitor_Conquest_Intender_Desktop_01136396,Desktop,Unknown,Chrome,Macintosh,wunderground.com,1,0,0,0.001227
{MS} {BU: VN} Ford Linked,USD,XVN19-0192_Everest_Q4_Shopper_Desktop_01136396,Competitor_Conquest_Intender_Desktop_01136396,Desktop,Unknown,Chrome,Macintosh,y8.com,1,0,0,0.000826
{MS} {BU: VN} Ford Linked,USD,XVN19-0192_Everest_Q4_Shopper_Desktop_01136396,Competitor_Conquest_Intender_Desktop_01136396,Desktop,Unknown,Chrome,Macintosh,yahoo.com,1,0,0,0.0006
{MS} {BU: VN} Ford Linked,USD,XVN19-0192_Everest_Q4_Shopper_Desktop_01136396,Competitor_Conquest_Intender_Desktop_01136396,Desktop,Unknown,Chrome,Macintosh,yoursoccerdose.com,4,0,0,0.004142
{MS} {BU: VN} Ford Linked,USD,XVN19-0192_Everest_Q4_Shopper_Desktop_01136396,Competitor_Conquest_Intender_Desktop_01136396,Desktop,Unknown,Chrome,Macintosh,zigwheels.com,1,0,0,0.001113
{MS} {BU: VN} Ford Linked,USD,XVN19-0192_Everest_Q4_Shopper_Desktop_01136396,Competitor_Conquest_Intender_Desktop_01136396,Desktop,Unknown,Chrome,Other,accuweather.com,4,0,0,0.00472
{MS} {BU: VN} Ford Linked,USD,XVN19-0192_Everest_Q4_Shopper_Desktop_01136396,Competitor_Conquest_Intender_Desktop_01136396,Desktop,Unknown,Chrome,Other,alllanguageresources.com,6,0,0,0.006141
{MS} {BU: VN} Ford Linked,USD,XVN19-0192_Everest_Q4_Shopper_Desktop_01136396,Competitor_Conquest_Intender_Desktop_01136396,Desktop,Unknown,Chrome,Other,astro.com,2,0,0,0.001642
{MS} {BU: VN} Ford Linked,USD,XVN19-0192_Everest_Q4_Shopper_Desktop_01136396,Competitor_Conquest_Intender_Desktop_01136396,Desktop,Unknown,Chrome,Other,att.yahoo.com,1,0,0,0.000665
{MS} {BU: VN} Ford Linked,USD,XVN19-0192_Everest_Q4_Shopper_Desktop_01136396,Competitor_Conquest_Intender_Desktop_01136396,Desktop,Unknown,Chrome,Other,autocar.co.uk,1,0,0,0.000891
{MS} {BU: VN} Ford Linked,USD,XVN19-0192_Everest_Q4_Shopper_Desktop_01136396,Competitor_Conquest_Intender_Desktop_01136396,Desktop,Unknown,Chrome,Other,baeldung.com,7,0,0,0.008951
{MS} {BU: VN} Ford Linked,USD,XVN19-0192_Everest_Q4_Shopper_Desktop_01136396,Competitor_Conquest_Intender_Desktop_01136396,Desktop,Unknown,Chrome,Other,baodatviet.vn,2,0,0,0.001562
{MS} {BU: VN} Ford Linked,USD,XVN19-0192_Everest_Q4_Shopper_Desktop_01136396,Competitor_Conquest_Intender_Desktop_01136396,Desktop,Unknown,Chrome,Other,base64encode.org,3,0,0,0.001794
{MS} {BU: VN} Ford Linked,USD,XVN19-0192_Everest_Q4_Shopper_Desktop_01136396,Competitor_Conquest_Intender_Desktop_01136396,Desktop,Unknown,Chrome,Other,bongda.com.vn,2,0,0,0.001691
{MS} {BU: VN} Ford Linked,USD,XVN19-0192_Everest_Q4_Shopper_Desktop_01136396,Competitor_Conquest_Intender_Desktop_01136396,Desktop,Unknown,Chrome,Other,cauthu.com.vn,1,0,0,0.000754
{MS} {BU: VN} Ford Linked,USD,XVN19-0192_Everest_Q4_Shopper_Desktop_01136396,Competitor_Conquest_Intender_Desktop_01136396,Desktop,Unknown,Chrome,Other,cbsnews.com,2,0,0,0.00171
{MS} {BU: VN} Ford Linked,USD,XVN19-0192_Everest_Q4_Shopper_Desktop_01136396,Competitor_Conquest_Intender_Desktop_01136396,Desktop,Unknown,Chrome,Other,champion.gg,1,0,0,0.000921
{MS} {BU: VN} Ford Linked,USD,XVN19-0192_Everest_Q4_Shopper_Desktop_01136396,Competitor_Conquest_Intender_Desktop_01136396,Desktop,Unknown,Chrome,Other,chotot.com,10,0,0,0.008048
{MS} {BU: VN} Ford Linked,USD,XVN19-0192_Everest_Q4_Shopper_Desktop_01136396,Competitor_Conquest_Intender_Desktop_01136396,Desktop,Unknown,Chrome,Other,colorlib.com,2,0,0,0.001902
{MS} {BU: VN} Ford Linked,USD,XVN19-0192_Everest_Q4_Shopper_Desktop_01136396,Competitor_Conquest_Intender_Desktop_01136396,Desktop,Unknown,Chrome,Other,cuongphim.com,4,0,0,0.002576
{MS} {BU: VN} Ford Linked,USD,XVN19-0192_Everest_Q4_Shopper_Desktop_01136396,Competitor_Conquest_Intender_Desktop_01136396,Desktop,Unknown,Chrome,Other,cycletrader.com,2,0,0,0.002024
{MS} {BU: VN} Ford Linked,USD,XVN19-0192_Everest_Q4_Shopper_Desktop_01136396,Competitor_Conquest_Intender_Desktop_01136396,Desktop,Unknown,Chrome,Other,dictionary.cambridge.org,3,0,0,0.002679
{MS} {BU: VN} Ford Linked,USD,XVN19-0192_Everest_Q4_Shopper_Desktop_01136396,Competitor_Conquest_Intender_Desktop_01136396,Desktop,Unknown,Chrome,Other,differencebetween.net,1,0,0,0.001159
{MS} {BU: VN} Ford Linked,USD,XVN19-0192_Everest_Q4_Shopper_Desktop_01136396,Competitor_Conquest_Intender_Desktop_01136396,Desktop,Unknown,Chrome,Other,doanhnghiepvn.vn,3,0,0,0.00165
{MS} {BU: VN} Ford Linked,USD,XVN19-0192_Everest_Q4_Shopper_Desktop_01136396,Competitor_Conquest_Intender_Desktop_01136396,Desktop,Unknown,Chrome,Other,docbao.vn,3,0,0,0.003129
{MS} {BU: VN} Ford Linked,USD,XVN19-0192_Everest_Q4_Shopper_Desktop_01136396,Competitor_Conquest_Intender_Desktop_01136396,Desktop,Unknown,Chrome,Other,donga.com,1,0,0,0.000845
{MS} {BU: VN} Ford Linked,USD,XVN19-0192_Everest_Q4_Shopper_Desktop_01136396,Competitor_Conquest_Intender_Desktop_01136396,Desktop,Unknown,Chrome,Other,dotabuff.com,2,0,0,0.001378
{MS} {BU: VN} Ford Linked,USD,XVN19-0192_Everest_Q4_Shopper_Desktop_01136396,Competitor_Conquest_Intender_Desktop_01136396,Desktop,Unknown,Chrome,Other,downdetector.com,2,0,0,0.001501
{MS} {BU: VN} Ford Linked,USD,XVN19-0192_Everest_Q4_Shopper_Desktop_01136396,Competitor_Conquest_Intender_Desktop_01136396,Desktop,Unknown,Chrome,Other,dzone.com,1,0,0,0.001209
{MS} {BU: VN} Ford Linked,USD,XVN19-0192_Everest_Q4_Shopper_Desktop_01136396,Competitor_Conquest_Intender_Desktop_01136396,Desktop,Unknown,Chrome,Other,easyengine.io,1,0,0,0.000736
{MS} {BU: VN} Ford Linked,USD,XVN19-0192_Everest_Q4_Shopper_Desktop_01136396,Competitor_Conquest_Intender_Desktop_01136396,Desktop,Unknown,Chrome,Other,ebay.co.uk,1,0,0,0.001176
{MS} {BU: VN} Ford Linked,USD,XVN19-0192_Everest_Q4_Shopper_Desktop_01136396,Competitor_Conquest_Intender_Desktop_01136396,Desktop,Unknown,Chrome,Other,eva.vn,1,0,0,0.000648
{MS} {BU: VN} Ford Linked,USD,XVN19-0192_Everest_Q4_Shopper_Desktop_01136396,Competitor_Conquest_Intender_Desktop_01136396,Desktop,Unknown,Chrome,Other,fandom.com,1,0,0,0.000676
{MS} {BU: VN} Ford Linked,USD,XVN19-0192_Everest_Q4_Shopper_Desktop_01136396,Competitor_Conquest_Intender_Desktop_01136396,Desktop,Unknown,Chrome,Other,finviz.com,1,0,0,0.000843
{MS} {BU: VN} Ford Linked,USD,XVN19-0192_Everest_Q4_Shopper_Desktop_01136396,Competitor_Conquest_Intender_Desktop_01136396,Desktop,Unknown,Chrome,Other,fitnessmagazine.com,1,0,0,0.000797
{MS} {BU: VN} Ford Linked,USD,XVN19-0192_Everest_Q4_Shopper_Desktop_01136396,Competitor_Conquest_Intender_Desktop_01136396,Desktop,Unknown,Chrome,Other,formula1.com,2,0,0,0.002592
{MS} {BU: VN} Ford Linked,USD,XVN19-0192_Everest_Q4_Shopper_Desktop_01136396,Competitor_Conquest_Intender_Desktop_01136396,Desktop,Unknown,Chrome,Other,game24h.vn,3,0,0,0.002247
{MS} {BU: VN} Ford Linked,USD,XVN19-0192_Everest_Q4_Shopper_Desktop_01136396,Competitor_Conquest_Intender_Desktop_01136396,Desktop,Unknown,Chrome,Other,gamepedia.com,4,0,0,0.002776
{MS} {BU: VN} Ford Linked,USD,XVN19-0192_Everest_Q4_Shopper_Desktop_01136396,Competitor_Conquest_Intender_Desktop_01136396,Desktop,Unknown,Chrome,Other,goconqr.com,3,0,0,0.002895
{MS} {BU: VN} Ford Linked,USD,XVN19-0192_Everest_Q4_Shopper_Desktop_01136396,Competitor_Conquest_Intender_Desktop_01136396,Desktop,Unknown,Chrome,Other,gumtree.com.au,2,0,0,0.002556
{MS} {BU: VN} Ford Linked,USD,XVN19-0192_Everest_Q4_Shopper_Desktop_01136396,Competitor_Conquest_Intender_Desktop_01136396,Desktop,Unknown,Chrome,Other,howtogeek.com,7,0,0,0.005371
{MS} {BU: VN} Ford Linked,USD,XVN19-0192_Everest_Q4_Shopper_Desktop_01136396,Competitor_Conquest_Intender_Desktop_01136396,Desktop,Unknown,Chrome,Other,hypebeast.com,1,0,0,0.000984
{MS} {BU: VN} Ford Linked,USD,XVN19-0192_Everest_Q4_Shopper_Desktop_01136396,Competitor_Conquest_Intender_Desktop_01136396,Desktop,Unknown,Chrome,Other,infonet.vn,1,0,0,0.000727
{MS} {BU: VN} Ford Linked,USD,XVN19-0192_Everest_Q4_Shopper_Desktop_01136396,Competitor_Conquest_Intender_Desktop_01136396,Desktop,Unknown,Chrome,Other,instructables.com,2,0,0,0.001794
{MS} {BU: VN} Ford Linked,USD,XVN19-0192_Everest_Q4_Shopper_Desktop_01136396,Competitor_Conquest_Intender_Desktop_01136396,Desktop,Unknown,Chrome,Other,ione.vnexpress.net,1,0,0,0.000969
{MS} {BU: VN} Ford Linked,USD,XVN19-0192_Everest_Q4_Shopper_Desktop_01136396,Competitor_Conquest_Intender_Desktop_01136396,Desktop,Unknown,Chrome,Other,itsfoss.com,5,0,0,0.00444
{MS} {BU: VN} Ford Linked,USD,XVN19-0192_Everest_Q4_Shopper_Desktop_01136396,Competitor_Conquest_Intender_Desktop_01136396,Desktop,Unknown,Chrome,Other,lichngaytot.com,1,0,0,0.000647
{MS} {BU: VN} Ford Linked,USD,XVN19-0192_Everest_Q4_Shopper_Desktop_01136396,Competitor_Conquest_Intender_Desktop_01136396,Desktop,Unknown,Chrome,Other,linuxhint.com,4,0,0,0.003886
{MS} {BU: VN} Ford Linked,USD,XVN19-0192_Everest_Q4_Shopper_Desktop_01136396,Competitor_Conquest_Intender_Desktop_01136396,Desktop,Unknown,Chrome,Other,liquipedia.net,3,0,0,0.002739
{MS} {BU: VN} Ford Linked,USD,XVN19-0192_Everest_Q4_Shopper_Desktop_01136396,Competitor_Conquest_Intender_Desktop_01136396,Desktop,Unknown,Chrome,Other,livekindly.co,1,0,0,0.00104
{MS} {BU: VN} Ford Linked,USD,XVN19-0192_Everest_Q4_Shopper_Desktop_01136396,Competitor_Conquest_Intender_Desktop_01136396,Desktop,Unknown,Chrome,Other,lol.gamepedia.com,3,0,0,0.00211
{MS} {BU: VN} Ford Linked,USD,XVN19-0192_Everest_Q4_Shopper_Desktop_01136396,Competitor_Conquest_Intender_Desktop_01136396,Desktop,Unknown,Chrome,Other,lunapic.com,4,0,0,0.00332
{MS} {BU: VN} Ford Linked,USD,XVN19-0192_Everest_Q4_Shopper_Desktop_01136396,Competitor_Conquest_Intender_Desktop_01136396,Desktop,Unknown,Chrome,Other,mixcloud.com,2,0,0,0.001161
{MS} {BU: VN} Ford Linked,USD,XVN19-0192_Everest_Q4_Shopper_Desktop_01136396,Competitor_Conquest_Intender_Desktop_01136396,Desktop,Unknown,Chrome,Other,mobafire.com,1,0,0,0.000648
{MS} {BU: VN} Ford Linked,USD,XVN19-0192_Everest_Q4_Shopper_Desktop_01136396,Competitor_Conquest_Intender_Desktop_01136396,Desktop,Unknown,Chrome,Other,navbharattimes.indiatimes.com,1,0,0,0.000953
{MS} {BU: VN} Ford Linked,USD,XVN19-0192_Everest_Q4_Shopper_Desktop_01136396,Competitor_Conquest_Intender_Desktop_01136396,Desktop,Unknown,Chrome,Other,panzoid.com,9,0,0,0.005634
{MS} {BU: VN} Ford Linked,USD,XVN19-0192_Everest_Q4_Shopper_Desktop_01136396,Competitor_Conquest_Intender_Desktop_01136396,Desktop,Unknown,Chrome,Other,pcmag.com,1,0,0,0.001113
{MS} {BU: VN} Ford Linked,USD,XVN19-0192_Everest_Q4_Shopper_Desktop_01136396,Competitor_Conquest_Intender_Desktop_01136396,Desktop,Unknown,Chrome,Other,phuongtrinhhoahoc.com,4,0,0,0.002415
{MS} {BU: VN} Ford Linked,USD,XVN19-0192_Everest_Q4_Shopper_Desktop_01136396,Competitor_Conquest_Intender_Desktop_01136396,Desktop,Unknown,Chrome,Other,pixelpapercraft.com,1,0,0,0.000739
{MS} {BU: VN} Ford Linked,USD,XVN19-0192_Everest_Q4_Shopper_Desktop_01136396,Competitor_Conquest_Intender_Desktop_01136396,Desktop,Unknown,Chrome,Other,pixlr.com,1,0,0,0.000647
{MS} {BU: VN} Ford Linked,USD,XVN19-0192_Everest_Q4_Shopper_Desktop_01136396,Competitor_Conquest_Intender_Desktop_01136396,Desktop,Unknown,Chrome,Other,plo.vn,1,0,0,0.000872
{MS} {BU: VN} Ford Linked,USD,XVN19-0192_Everest_Q4_Shopper_Desktop_01136396,Competitor_Conquest_Intender_Desktop_01136396,Desktop,Unknown,Chrome,Other,programcreek.com,5,0,0,0.006801
{MS} {BU: VN} Ford Linked,USD,XVN19-0192_Everest_Q4_Shopper_Desktop_01136396,Competitor_Conquest_Intender_Desktop_01136396,Desktop,Unknown,Chrome,Other,reddit.com,1,0,0,0.001032
{MS} {BU: VN} Ford Linked,USD,XVN19-0192_Everest_Q4_Shopper_Desktop_01136396,Competitor_Conquest_Intender_Desktop_01136396,Desktop,Unknown,Chrome,Other,researchgate.net,5,0,0,0.003113
{MS} {BU: VN} Ford Linked,USD,XVN19-0192_Everest_Q4_Shopper_Desktop_01136396,Competitor_Conquest_Intender_Desktop_01136396,Desktop,Unknown,Chrome,Other,slickdeals.net,1,0,0,0.001062
{MS} {BU: VN} Ford Linked,USD,XVN19-0192_Everest_Q4_Shopper_Desktop_01136396,Competitor_Conquest_Intender_Desktop_01136396,Desktop,Unknown,Chrome,Other,sourceforge.net,2,0,0,0.002642
{MS} {BU: VN} Ford Linked,USD,XVN19-0192_Everest_Q4_Shopper_Desktop_01136396,Competitor_Conquest_Intender_Desktop_01136396,Desktop,Unknown,Chrome,Other,speedtest.net,7,0,0,0.00591
{MS} {BU: VN} Ford Linked,USD,XVN19-0192_Everest_Q4_Shopper_Desktop_01136396,Competitor_Conquest_Intender_Desktop_01136396,Desktop,Unknown,Chrome,Other,spotify.com,5,0,0,0.003965
{MS} {BU: VN} Ford Linked,USD,XVN19-0192_Everest_Q4_Shopper_Desktop_01136396,Competitor_Conquest_Intender_Desktop_01136396,Desktop,VN_Brand_Colorizer,Chrome,Other,spotify.com,0,0,1,0
{MS} {BU: VN} Ford Linked,USD,XVN19-0192_Everest_Q4_Shopper_Desktop_01136396,Competitor_Conquest_Intender_Desktop_01136396,Desktop,VN_Brand_Vehicle_Homepage,Chrome,Other,spotify.com,0,0,1,0
{MS} {BU: VN} Ford Linked,USD,XVN19-0192_Everest_Q4_Shopper_Desktop_01136396,Competitor_Conquest_Intender_Desktop_01136396,Desktop,Unknown,Chrome,Other,surviv.io,13,0,0,0.010898
{MS} {BU: VN} Ford Linked,USD,XVN19-0192_Everest_Q4_Shopper_Desktop_01136396,Competitor_Conquest_Intender_Desktop_01136396,Desktop,Unknown,Chrome,Other,tabs.ultimate-guitar.com,1,0,0,0.000818
{MS} {BU: VN} Ford Linked,USD,XVN19-0192_Everest_Q4_Shopper_Desktop_01136396,Competitor_Conquest_Intender_Desktop_01136396,Desktop,Unknown,Chrome,Other,techtalk.vn,1,0,0,0.000817
{MS} {BU: VN} Ford Linked,USD,XVN19-0192_Everest_Q4_Shopper_Desktop_01136396,Competitor_Conquest_Intender_Desktop_01136396,Desktop,Unknown,Chrome,Other,thesprucecrafts.com,2,0,0,0.002444
{MS} {BU: VN} Ford Linked,USD,XVN19-0192_Everest_Q4_Shopper_Desktop_01136396,Competitor_Conquest_Intender_Desktop_01136396,Desktop,Unknown,Chrome,Other,tienphong.vn,2,0,0,0.001568
{MS} {BU: VN} Ford Linked,USD,XVN19-0192_Everest_Q4_Shopper_Desktop_01136396,Competitor_Conquest_Intender_Desktop_01136396,Desktop,Unknown,Chrome,Other,tinthethao.com.vn,1,0,0,0.000813
,,,,,,,,,4995369,4261,6645,1649.952526
,,,,,,,,,,,,
Report Time:,2019/11/14 09:36 GMT,,,,,,,,,,,
Date Range:,2019/11/07 to 2019/11/13,,,,,,,,,,,
Group By:,Advertiser,,,,,,,,,,,
Group By:,Advertiser Currency,,,,,,,,,,,
Group By:,Insertion Order,,,,,,,,,,,
Group By:,Line Item,,,,,,,,,,,
Group By:,Device Type,,,,,,,,,,,
Group By:,Floodlight Activity Name,,,,,,,,,,,
Group By:,Browser,,,,,,,,,,,
Group By:,Operating System,,,,,,,,,,,
Group By:,App/URL,,,,,,,,,,,
MRC Accredited Metrics,"Impressions(Desktop Video, Mobile Video, Desktop Display, Desktop Rich Media, In-App Video, Mobile Display, Mobile Rich Media, In-App Display, In-App Rich Media)","Clicks(Desktop Video, Desktop Display, Desktop Rich Media, Mobile Video, Mobile Display, Mobile Rich Media, In-App Video, In-App Display, In-App Rich Media)",,,,,,,,,,
Filter by Campaign ID:,3422227,3422244,,,,,,,,,,
Filter by Partner ID:,3237134,,,,,,,,,,,
